run_id,step_idx,global_idx,sigma_0,e_s,eps_total
0,0,0,,,
0,1,1,,,
0,2,2,,,
0,3,3,,,
0,4,4,,,
0,5,5,,,
0,6,6,,,
0,7,7,,,
0,8,8,,,
0,9,9,,,
0,10,10,,,
0,11,11,,,
0,12,12,,,
0,13,13,,,
0,14,14,,,
0,15,15,,,
0,16,16,,,
0,17,17,,,
0,18,18,,,
0,19,19,,,
0,20,20,,,
0,21,21,,,
0,22,22,,,
0,23,23,,,
0,24,24,,,
0,25,25,,,
0,26,26,,,
0,27,27,,,
0,28,28,,,
0,29,29,,,
0,30,30,,,
0,31,31,,,
0,32,32,,,
0,33,33,,,
0,34,34,,,
0,35,35,,,
0,36,36,,,
0,37,37,,,
0,38,38,,,
0,39,39,,,
0,40,40,,,
1,0,41,,,
1,1,42,,,
1,2,43,,,
1,3,44,,,
1,4,45,,,
1,5,46,,,
1,6,47,,,
1,7,48,,,
1,8,49,,,
1,9,50,,,
1,10,51,,,
1,11,52,,,
1,12,53,,,
1,13,54,,,
1,14,55,,,
1,15,56,,,
1,16,57,,,
1,17,58,,,
1,18,59,,,
1,19,60,,,
1,20,61,,,
1,21,62,,,
1,22,63,,,
1,23,64,,,
1,24,65,,,
1,25,66,,,
1,26,67,,,
1,27,68,,,
1,28,69,,,
1,29,70,,,
1,30,71,,,
1,31,72,,,
1,32,73,,,
1,33,74,,,
1,34,75,,,
1,35,76,,,
1,36,77,,,
1,37,78,,,
1,38,79,,,
1,39,80,,,
1,40,81,,,
2,0,82,,,
2,1,83,,,
2,2,84,,,
2,3,85,,,
2,4,86,,,
2,5,87,,,
2,6,88,,,
2,7,89,,,
2,8,90,,,
2,9,91,,,
2,10,92,,,
2,11,93,,,
2,12,94,,,
2,13,95,,,
2,14,96,,,
2,15,97,,,
2,16,98,,,
2,17,99,,,
2,18,100,,,
2,19,101,,,
2,20,102,,,
2,21,103,,,
2,22,104,,,
2,23,105,,,
2,24,106,,,
2,25,107,,,
2,26,108,,,
2,27,109,,,
2,28,110,,,
2,29,111,,,
2,30,112,,,
2,31,113,,,
2,32,114,,,
2,33,115,,,
2,34,116,,,
2,35,117,,,
2,36,118,,,
2,37,119,,,
2,38,120,,,
2,39,121,,,
2,40,122,,,
2,41,123,,,
3,0,124,,,
3,1,125,,,
3,2,126,,,
3,3,127,,,
3,4,128,,,
3,5,129,,,
3,6,130,,,
3,7,131,,,
3,8,132,,,
3,9,133,,,
3,10,134,,,
3,11,135,,,
3,12,136,,,
3,13,137,,,
3,14,138,,,
3,15,139,,,
3,16,140,,,
3,17,141,,,
3,18,142,,,
3,19,143,,,
3,20,144,,,
3,21,145,,,
3,22,146,-64.2642925,25705.716999999997,-0.011
3,23,147,-77.11715099999999,30846.860399999998,-0.0115
3,24,148,-92.54058119999999,37016.23248,-0.012
3,25,149,-111.04869743999998,44419.47897599999,-0.0125
3,26,150,-133.25843692799998,53303.37477119999,-0.013000000000000001
3,27,151,-159.91012431359997,63964.04972543999,-0.013500000000000002
3,28,152,-191.89214917631995,76756.85967052798,-0.014000000000000002
3,29,153,-230.27057901158395,92108.23160463358,-0.014500000000000002
3,30,154,-276.32469481390075,110529.8779255603,-0.015000000000000003
3,31,155,-331.5896337766809,132635.85351067237,-0.015500000000000003
3,32,156,-397.9075605320171,159163.02421280683,-0.016000000000000004
3,33,157,-477.48907263842057,190995.62905536822,-0.016500000000000004
3,34,158,-572.9868871661047,229194.7548664419,-0.017000000000000005
3,35,159,-687.5842645993256,275033.7058397302,-0.017500000000000005
3,36,160,-825.1011175191907,330040.44700767624,-0.018000000000000006
3,37,161,-990.1213410230288,396048.5364092115,-0.018500000000000006
3,38,162,-990.1213410230288,990121.3410230288,-0.018500000000000006
3,39,163,-495.06067051151445,495060.6705115145,-0.018000000000000006
3,40,164,-247.53033525575722,247530.33525575724,-0.017500000000000005
3,41,165,-123.76516762787861,123765.16762787862,-0.017000000000000005
4,0,166,,,
4,1,167,,,
4,2,168,,,
4,3,169,,,
4,4,170,,,
4,5,171,,,
4,6,172,,,
4,7,173,,,
4,8,174,,,
4,9,175,,,
4,10,176,,,
4,11,177,,,
4,12,178,,,
4,13,179,,,
4,14,180,,,
4,15,181,,,
4,16,182,,,
4,17,183,,,
4,18,184,,,
4,19,185,,,
4,20,186,,,
4,21,187,,,
4,22,188,,,
4,23,189,,,
4,24,190,,,
4,25,191,,,
4,26,192,,,
4,27,193,,,
4,28,194,,,
4,29,195,,,
4,30,196,,,
4,31,197,,,
4,32,198,,,
4,33,199,,,
4,34,200,,,
4,35,201,,,
4,36,202,,,
4,37,203,,,
4,38,204,,,
4,39,205,,,
4,40,206,,,
5,0,207,,,
5,1,208,,,
5,2,209,,,
5,3,210,,,
5,4,211,,,
5,5,212,,,
5,6,213,,,
5,7,214,,,
5,8,215,,,
5,9,216,,,
5,10,217,,,
5,11,218,,,
5,12,219,,,
5,13,220,,,
5,14,221,,,
5,15,222,,,
5,16,223,,,
5,17,224,,,
5,18,225,,,
5,19,226,,,
5,20,227,,,
5,21,228,,,
5,22,229,,,
5,23,230,,,
5,24,231,,,
5,25,232,,,
5,26,233,,,
5,27,234,,,
5,28,235,,,
5,29,236,,,
5,30,237,,,
5,31,238,,,
5,32,239,,,
5,33,240,,,
5,34,241,,,
5,35,242,,,
5,36,243,,,
5,37,244,,,
5,38,245,,,
5,39,246,,,
5,40,247,,,
5,41,248,,,
6,0,249,,,
6,1,250,,,
6,2,251,,,
6,3,252,,,
6,4,253,,,
6,5,254,,,
6,6,255,,,
6,7,256,,,
6,8,257,,,
6,9,258,,,
6,10,259,,,
6,11,260,,,
6,12,261,,,
6,13,262,,,
6,14,263,,,
6,15,264,,,
6,16,265,,,
6,17,266,,,
6,18,267,,,
6,19,268,,,
6,20,269,,,
6,21,270,,,
6,22,271,,,
6,23,272,,,
6,24,273,,,
6,25,274,,,
6,26,275,,,
6,27,276,,,
6,28,277,,,
6,29,278,,,
6,30,279,,,
6,31,280,,,
6,32,281,,,
6,33,282,,,
6,34,283,,,
6,35,284,,,
6,36,285,,,
6,37,286,,,
6,38,287,,,
6,39,288,,,
6,40,289,,,
6,41,290,,,
7,0,291,,,
7,1,292,,,
7,2,293,,,
7,3,294,,,
7,4,295,,,
7,5,296,,,
7,6,297,,,
7,7,298,,,
7,8,299,,,
7,9,300,,,
7,10,301,,,
7,11,302,,,
7,12,303,,,
7,13,304,,,
7,14,305,,,
7,15,306,,,
7,16,307,,,
7,17,308,,,
7,18,309,,,
7,19,310,,,
7,20,311,,,
7,21,312,,,
7,22,313,,,
7,23,314,,,
7,24,315,,,
7,25,316,,,
7,26,317,,,
7,27,318,,,
7,28,319,,,
7,29,320,,,
7,30,321,,,
7,31,322,,,
7,32,323,,,
7,33,324,,,
7,34,325,,,
7,35,326,,,
7,36,327,,,
7,37,328,,,
7,38,329,,,
7,39,330,,,
7,40,331,,,
8,0,332,,,
8,1,333,,,
8,2,334,,,
8,3,335,,,
8,4,336,,,
8,5,337,,,
8,6,338,,,
8,7,339,,,
8,8,340,,,
8,9,341,,,
8,10,342,,,
8,11,343,,,
8,12,344,,,
8,13,345,,,
8,14,346,,,
8,15,347,,,
8,16,348,,,
8,17,349,,,
8,18,350,,,
8,19,351,,,
8,20,352,,,
8,21,353,,,
8,22,354,,,
8,23,355,,,
8,24,356,,,
8,25,357,,,
8,26,358,,,
8,27,359,,,
8,28,360,,,
8,29,361,,,
8,30,362,,,
8,31,363,,,
8,32,364,,,
8,33,365,,,
8,34,366,,,
8,35,367,,,
8,36,368,,,
8,37,369,,,
8,38,370,,,
8,39,371,,,
8,40,372,,,
9,0,373,,,
9,1,374,,,
9,2,375,,,
9,3,376,,,
9,4,377,,,
9,5,378,,,
9,6,379,,,
9,7,380,,,
9,8,381,,,
9,9,382,,,
9,10,383,,,
9,11,384,,,
9,12,385,,,
9,13,386,,,
9,14,387,,,
9,15,388,,,
9,16,389,,,
9,17,390,,,
9,18,391,,,
9,19,392,,,
9,20,393,,,
9,21,394,,,
9,22,395,,,
9,23,396,,,
9,24,397,,,
9,25,398,,,
9,26,399,,,
9,27,400,,,
9,28,401,,,
9,29,402,,,
9,30,403,,,
9,31,404,,,
9,32,405,,,
9,33,406,,,
9,34,407,,,
9,35,408,,,
9,36,409,,,
9,37,410,,,
9,38,411,,,
9,39,412,,,
9,40,413,,,
10,0,414,,,
10,1,415,,,
10,2,416,,,
10,3,417,,,
10,4,418,,,
10,5,419,,,
10,6,420,,,
10,7,421,,,
10,8,422,,,
10,9,423,,,
10,10,424,,,
10,11,425,,,
10,12,426,,,
10,13,427,,,
10,14,428,,,
10,15,429,,,
10,16,430,,,
10,17,431,,,
10,18,432,,,
10,19,433,,,
10,20,434,,,
10,21,435,,,
10,22,436,,,
10,23,437,,,
10,24,438,,,
10,25,439,,,
10,26,440,,,
10,27,441,,,
10,28,442,,,
10,29,443,,,
10,30,444,,,
10,31,445,,,
10,32,446,,,
10,33,447,,,
10,34,448,,,
10,35,449,,,
10,36,450,,,
10,37,451,,,
10,38,452,,,
10,39,453,,,
10,40,454,,,
10,41,455,,,
11,0,456,,,
11,1,457,,,
11,2,458,,,
11,3,459,,,
11,4,460,,,
11,5,461,,,
11,6,462,,,
11,7,463,,,
11,8,464,,,
11,9,465,,,
11,10,466,,,
11,11,467,,,
11,12,468,,,
11,13,469,,,
11,14,470,,,
11,15,471,,,
11,16,472,,,
11,17,473,,,
11,18,474,,,
11,19,475,,,
11,20,476,,,
11,21,477,,,
11,22,478,,,
11,23,479,,,
11,24,480,,,
11,25,481,,,
11,26,482,,,
11,27,483,,,
11,28,484,,,
11,29,485,,,
11,30,486,,,
11,31,487,,,
11,32,488,,,
11,33,489,,,
11,34,490,,,
11,35,491,,,
11,36,492,,,
11,37,493,,,
11,38,494,,,
11,39,495,,,
11,40,496,,,
11,41,497,,,
12,0,498,,,
12,1,499,,,
12,2,500,,,
12,3,501,,,
12,4,502,,,
12,5,503,,,
12,6,504,,,
12,7,505,,,
12,8,506,,,
12,9,507,,,
12,10,508,,,
12,11,509,,,
12,12,510,,,
12,13,511,,,
12,14,512,,,
12,15,513,,,
12,16,514,,,
12,17,515,,,
12,18,516,,,
12,19,517,,,
12,20,518,,,
12,21,519,,,
12,22,520,,,
12,23,521,,,
12,24,522,,,
12,25,523,,,
12,26,524,,,
12,27,525,,,
12,28,526,,,
12,29,527,,,
12,30,528,,,
12,31,529,,,
12,32,530,,,
12,33,531,,,
12,34,532,,,
12,35,533,,,
12,36,534,,,
12,37,535,,,
12,38,536,,,
12,39,537,,,
12,40,538,,,
13,0,539,,,
13,1,540,,,
13,2,541,,,
13,3,542,,,
13,4,543,,,
13,5,544,,,
13,6,545,,,
13,7,546,,,
13,8,547,,,
13,9,548,,,
13,10,549,,,
13,11,550,,,
13,12,551,,,
13,13,552,,,
13,14,553,,,
13,15,554,,,
13,16,555,,,
13,17,556,,,
13,18,557,,,
13,19,558,-46.726715000000006,18690.686,-0.0095
13,20,559,-56.07205800000001,22428.823200000006,-0.01
13,21,560,-67.28646960000002,26914.587840000007,-0.0105
13,22,561,-80.74376352000002,32297.505408000005,-0.011000000000000001
13,23,562,-96.89251622400002,38757.00648960001,-0.011500000000000002
13,24,563,-116.27101946880002,46508.40778752001,-0.012000000000000002
13,25,564,-139.52522336256,55810.089345024004,-0.012500000000000002
13,26,565,-167.430268035072,66972.1072140288,-0.013000000000000003
13,27,566,-200.91632164208642,80366.52865683456,-0.013500000000000003
13,28,567,-241.0995859705037,96439.83438820149,-0.014000000000000004
13,29,568,-289.31950316460444,115727.80126584177,-0.014500000000000004
13,30,569,-347.18340379752533,138873.36151901013,-0.015000000000000005
13,31,570,-416.6200845570304,166648.03382281217,-0.015500000000000005
13,32,571,-499.9441014684365,199977.6405873746,-0.016000000000000004
13,33,572,-599.9329217621238,239973.16870484952,-0.016500000000000004
13,34,573,-719.9195061145485,287967.8024458194,-0.017000000000000005
13,35,574,-863.9034073374582,345561.3629349833,-0.017500000000000005
13,36,575,-863.9034073374582,863903.4073374582,-0.017500000000000005
13,37,576,-431.9517036687291,431951.7036687291,-0.017000000000000005
13,38,577,-215.97585183436456,215975.85183436456,-0.016500000000000004
13,39,578,-107.98792591718228,107987.92591718228,-0.016000000000000004
14,0,579,-1.9583175,783.327,0.0
14,1,580,-2.349981,939.9924000000001,-0.0005
14,2,581,-2.8199772000000003,1127.99088,-0.001
14,3,582,-3.3839726400000005,1353.5890560000003,-0.0015
14,4,583,-4.060767168000001,1624.3068672000004,-0.002
14,5,584,-4.872920601600001,1949.1682406400002,-0.0025
14,6,585,-5.847504721920001,2339.0018887680003,-0.003
14,7,586,-7.0170056663040015,2806.8022665216004,-0.0035
14,8,587,-8.420406799564802,3368.1627198259207,-0.004
14,9,588,-10.104488159477762,4041.795263791105,-0.0045000000000000005
14,10,589,-12.125385791373315,4850.154316549326,-0.005000000000000001
14,11,590,-14.550462949647978,5820.185179859191,-0.005500000000000001
14,12,591,-17.460555539577573,6984.22221583103,-0.006000000000000002
14,13,592,-20.95266664749309,8381.066658997235,-0.006500000000000002
14,14,593,-25.14319997699171,10057.279990796684,-0.007000000000000003
14,15,594,-30.171839972390053,12068.735988956021,-0.007500000000000003
14,16,595,-36.206207966868064,14482.483186747226,-0.008000000000000004
14,17,596,-43.44744956024168,17378.97982409667,-0.008500000000000004
14,18,597,-52.13693947229002,20854.775788916006,-0.009000000000000005
14,19,598,-62.56432736674802,25025.73094669921,-0.009500000000000005
14,20,599,-75.07719284009762,30030.87713603905,-0.010000000000000005
14,21,600,-90.09263140811714,36037.052563246856,-0.010500000000000006
14,22,601,-108.11115768974057,43244.46307589622,-0.011000000000000006
14,23,602,-129.7333892276887,51893.35569107548,-0.011500000000000007
14,24,603,-155.68006707322644,62272.026829290575,-0.012000000000000007
14,25,604,-186.81608048787172,74726.43219514869,-0.012500000000000008
14,26,605,-224.17929658544605,89671.71863417843,-0.013000000000000008
14,27,606,-269.0151559025353,107606.06236101412,-0.013500000000000009
14,28,607,-322.81818708304235,129127.27483321694,-0.014000000000000009
14,29,608,-387.3818244996508,154952.72979986033,-0.01450000000000001
14,30,609,-464.85818939958097,185943.27575983238,-0.01500000000000001
14,31,610,-557.8298272794972,223131.93091179887,-0.01550000000000001
14,32,611,-669.3957927353966,267758.3170941587,-0.01600000000000001
14,33,612,-803.274951282476,321309.9805129904,-0.01650000000000001
14,34,613,-963.9299415389712,385571.9766155885,-0.01700000000000001
14,35,614,-963.9299415389712,963929.9415389712,-0.01700000000000001
14,36,615,-481.96497076948555,481964.9707694856,-0.01650000000000001
14,37,616,-240.98248538474274,240982.48538474276,-0.01600000000000001
14,38,617,-120.49124269237137,120491.24269237138,-0.01550000000000001
14,39,618,,,
14,40,619,,,
14,41,620,,,
14,42,621,,,
14,43,622,,,
15,0,623,,,
15,1,624,,,
15,2,625,,,
15,3,626,,,
15,4,627,,,
15,5,628,,,
15,6,629,,,
15,7,630,,,
15,8,631,,,
15,9,632,,,
15,10,633,,,
15,11,634,,,
15,12,635,,,
15,13,636,,,
15,14,637,,,
15,15,638,,,
15,16,639,,,
15,17,640,,,
15,18,641,,,
15,19,642,,,
15,20,643,,,
15,21,644,,,
15,22,645,,,
15,23,646,,,
15,24,647,,,
15,25,648,,,
15,26,649,,,
15,27,650,,,
15,28,651,,,
15,29,652,,,
15,30,653,,,
15,31,654,,,
15,32,655,,,
15,33,656,,,
15,34,657,,,
15,35,658,,,
15,36,659,,,
15,37,660,,,
15,38,661,,,
15,39,662,,,
16,0,663,,,
16,1,664,,,
16,2,665,,,
16,3,666,,,
16,4,667,,,
16,5,668,,,
16,6,669,,,
16,7,670,,,
16,8,671,,,
16,9,672,,,
16,10,673,,,
16,11,674,,,
16,12,675,,,
16,13,676,,,
16,14,677,,,
16,15,678,,,
16,16,679,,,
16,17,680,,,
16,18,681,,,
16,19,682,,,
16,20,683,,,
16,21,684,,,
16,22,685,,,
16,23,686,,,
16,24,687,,,
16,25,688,,,
16,26,689,,,
16,27,690,,,
16,28,691,,,
16,29,692,,,
16,30,693,,,
16,31,694,,,
16,32,695,,,
16,33,696,,,
16,34,697,,,
16,35,698,,,
16,36,699,,,
16,37,700,,,
16,38,701,,,
16,39,702,,,
16,40,703,,,
16,41,704,,,
17,0,705,,,
17,1,706,,,
17,2,707,,,
17,3,708,,,
17,4,709,,,
17,5,710,,,
17,6,711,,,
17,7,712,,,
17,8,713,,,
17,9,714,,,
17,10,715,,,
17,11,716,,,
17,12,717,,,
17,13,718,,,
17,14,719,,,
17,15,720,,,
17,16,721,,,
17,17,722,,,
17,18,723,,,
17,19,724,,,
17,20,725,,,
17,21,726,,,
17,22,727,,,
17,23,728,,,
17,24,729,,,
17,25,730,,,
17,26,731,,,
17,27,732,,,
17,28,733,,,
17,29,734,,,
17,30,735,,,
17,31,736,,,
17,32,737,,,
17,33,738,,,
17,34,739,,,
17,35,740,,,
17,36,741,,,
17,37,742,,,
17,38,743,,,
17,39,744,,,
17,40,745,,,
17,41,746,,,
18,0,747,,,
18,1,748,,,
18,2,749,,,
18,3,750,,,
18,4,751,,,
18,5,752,,,
18,6,753,,,
18,7,754,,,
18,8,755,,,
18,9,756,,,
18,10,757,,,
18,11,758,,,
18,12,759,,,
18,13,760,,,
18,14,761,,,
18,15,762,,,
18,16,763,,,
18,17,764,,,
18,18,765,,,
18,19,766,,,
18,20,767,,,
18,21,768,,,
18,22,769,,,
18,23,770,,,
18,24,771,,,
18,25,772,,,
18,26,773,,,
18,27,774,,,
18,28,775,,,
18,29,776,,,
18,30,777,,,
18,31,778,,,
18,32,779,,,
18,33,780,,,
18,34,781,,,
18,35,782,,,
18,36,783,,,
18,37,784,,,
18,38,785,,,
18,39,786,,,
18,40,787,,,
19,0,788,,,
19,1,789,,,
19,2,790,,,
19,3,791,,,
19,4,792,,,
19,5,793,,,
19,6,794,,,
19,7,795,,,
19,8,796,,,
19,9,797,,,
19,10,798,,,
19,11,799,,,
19,12,800,,,
19,13,801,,,
19,14,802,,,
19,15,803,,,
19,16,804,,,
19,17,805,,,
19,18,806,,,
19,19,807,,,
19,20,808,,,
19,21,809,,,
19,22,810,,,
19,23,811,,,
19,24,812,,,
19,25,813,,,
19,26,814,,,
19,27,815,,,
19,28,816,,,
19,29,817,,,
19,30,818,,,
19,31,819,,,
19,32,820,,,
19,33,821,,,
19,34,822,,,
19,35,823,,,
19,36,824,,,
19,37,825,,,
19,38,826,,,
19,39,827,,,
19,40,828,,,
19,41,829,,,
20,0,830,,,
20,1,831,,,
20,2,832,,,
20,3,833,,,
20,4,834,,,
20,5,835,,,
20,6,836,,,
20,7,837,,,
20,8,838,,,
20,9,839,,,
20,10,840,,,
20,11,841,,,
20,12,842,,,
20,13,843,,,
20,14,844,,,
20,15,845,,,
20,16,846,,,
20,17,847,,,
20,18,848,,,
20,19,849,,,
20,20,850,,,
20,21,851,,,
20,22,852,,,
20,23,853,,,
20,24,854,,,
20,25,855,,,
20,26,856,,,
20,27,857,,,
20,28,858,,,
20,29,859,,,
20,30,860,,,
20,31,861,,,
20,32,862,,,
20,33,863,,,
20,34,864,,,
20,35,865,,,
20,36,866,,,
20,37,867,,,
20,38,868,,,
20,39,869,,,
20,40,870,,,
21,0,871,,,
21,1,872,,,
21,2,873,,,
21,3,874,,,
21,4,875,,,
21,5,876,,,
21,6,877,,,
21,7,878,,,
21,8,879,,,
21,9,880,,,
21,10,881,,,
21,11,882,,,
21,12,883,,,
21,13,884,,,
21,14,885,,,
21,15,886,,,
21,16,887,,,
21,17,888,,,
21,18,889,,,
21,19,890,,,
21,20,891,,,
21,21,892,,,
21,22,893,,,
21,23,894,,,
21,24,895,,,
21,25,896,,,
21,26,897,,,
21,27,898,,,
21,28,899,,,
21,29,900,,,
21,30,901,,,
21,31,902,,,
21,32,903,,,
21,33,904,,,
21,34,905,,,
21,35,906,,,
21,36,907,,,
21,37,908,,,
21,38,909,,,
21,39,910,,,
22,0,911,,,
22,1,912,,,
22,2,913,,,
22,3,914,,,
22,4,915,,,
22,5,916,,,
22,6,917,,,
22,7,918,,,
22,8,919,,,
22,9,920,,,
22,10,921,,,
22,11,922,,,
22,12,923,,,
22,13,924,-11.097224,4438.8896,-0.0065
22,14,925,-13.3166688,5326.66752,-0.006999999999999999
22,15,926,-15.98000256,6392.001024,-0.0075
22,16,927,-19.176003072,7670.4012288,-0.008
22,17,928,-23.011203686400002,9204.481474560002,-0.0085
22,18,929,-27.61344442368,11045.377769472001,-0.009000000000000001
22,19,930,-33.136133308416,13254.4533233664,-0.009500000000000001
22,20,931,-39.7633599700992,15905.34398803968,-0.010000000000000002
22,21,932,-47.71603196411904,19086.412785647615,-0.010500000000000002
22,22,933,-57.259238356942845,22903.695342777137,-0.011000000000000003
22,23,934,-68.71108602833141,27484.434411332564,-0.011500000000000003
22,24,935,-82.45330323399769,32981.321293599074,-0.012000000000000004
22,25,936,-98.94396388079723,39577.58555231889,-0.012500000000000004
22,26,937,-118.73275665695667,47493.102662782665,-0.013000000000000005
22,27,938,-142.479307988348,56991.723195339204,-0.013500000000000005
22,28,939,-170.9751695860176,68390.06783440705,-0.014000000000000005
22,29,940,-205.17020350322116,82068.08140128847,-0.014500000000000006
22,30,941,-246.2042442038654,98481.69768154615,-0.015000000000000006
22,31,942,-295.4450930446385,118178.0372178554,-0.015500000000000007
22,32,943,-354.5341116535662,141813.6446614265,-0.016000000000000007
22,33,944,-425.44093398427947,170176.3735937118,-0.016500000000000008
22,34,945,-510.52912078113536,204211.64831245414,-0.017000000000000008
22,35,946,-612.6349449373624,245053.97797494498,-0.01750000000000001
22,36,947,-735.1619339248349,294064.77356993395,-0.01800000000000001
22,37,948,-882.1943207098019,352877.72828392073,-0.01850000000000001
22,38,949,-882.1943207098019,882194.3207098019,-0.01850000000000001
22,39,950,-441.0971603549009,441097.1603549009,-0.01800000000000001
22,40,951,-220.54858017745045,220548.58017745044,-0.01750000000000001
22,41,952,-110.27429008872522,110274.29008872522,-0.017000000000000008
22,42,953,,,
23,0,954,,,
23,1,955,,,
23,2,956,,,
23,3,957,,,
23,4,958,,,
23,5,959,,,
23,6,960,,,
23,7,961,,,
23,8,962,,,
23,9,963,,,
23,10,964,,,
23,11,965,,,
23,12,966,,,
23,13,967,,,
23,14,968,,,
23,15,969,,,
23,16,970,,,
23,17,971,,,
23,18,972,,,
23,19,973,,,
23,20,974,,,
23,21,975,,,
23,22,976,,,
23,23,977,,,
23,24,978,,,
23,25,979,,,
23,26,980,,,
23,27,981,,,
23,28,982,,,
23,29,983,,,
23,30,984,,,
23,31,985,,,
23,32,986,,,
23,33,987,,,
23,34,988,,,
23,35,989,,,
23,36,990,,,
23,37,991,,,
23,38,992,,,
23,39,993,,,
23,40,994,,,
23,41,995,,,
23,42,996,,,
24,0,997,,,
24,1,998,,,
24,2,999,,,
24,3,1000,,,
24,4,1001,,,
24,5,1002,,,
24,6,1003,,,
24,7,1004,,,
24,8,1005,,,
24,9,1006,,,
24,10,1007,,,
24,11,1008,,,
24,12,1009,,,
24,13,1010,,,
24,14,1011,,,
24,15,1012,,,
24,16,1013,,,
24,17,1014,,,
24,18,1015,,,
24,19,1016,,,
24,20,1017,,,
24,21,1018,,,
24,22,1019,,,
24,23,1020,,,
24,24,1021,,,
24,25,1022,,,
24,26,1023,,,
24,27,1024,,,
24,28,1025,,,
24,29,1026,,,
24,30,1027,,,
24,31,1028,,,
24,32,1029,,,
24,33,1030,,,
24,34,1031,,,
24,35,1032,,,
24,36,1033,,,
24,37,1034,,,
24,38,1035,,,
24,39,1036,,,
24,40,1037,,,
24,41,1038,,,
25,0,1039,,,
25,1,1040,,,
25,2,1041,,,
25,3,1042,,,
25,4,1043,,,
25,5,1044,,,
25,6,1045,,,
25,7,1046,,,
25,8,1047,,,
25,9,1048,,,
25,10,1049,,,
25,11,1050,,,
25,12,1051,,,
25,13,1052,,,
25,14,1053,,,
25,15,1054,,,
25,16,1055,,,
25,17,1056,,,
25,18,1057,,,
25,19,1058,,,
25,20,1059,,,
25,21,1060,,,
25,22,1061,,,
25,23,1062,,,
25,24,1063,,,
25,25,1064,,,
25,26,1065,,,
25,27,1066,,,
25,28,1067,,,
25,29,1068,,,
25,30,1069,,,
25,31,1070,,,
25,32,1071,,,
25,33,1072,,,
25,34,1073,,,
25,35,1074,,,
25,36,1075,,,
25,37,1076,-973.0915,389236.6,-0.018
25,38,1077,-973.0915,973091.5,-0.018
25,39,1078,-486.54574999999994,486545.74999999994,-0.017499999999999998
25,40,1079,-243.27287499999994,243272.87499999994,-0.016999999999999998
26,0,1080,,,
26,1,1081,,,
26,2,1082,,,
26,3,1083,,,
26,4,1084,,,
26,5,1085,,,
26,6,1086,,,
26,7,1087,,,
26,8,1088,,,
26,9,1089,,,
26,10,1090,,,
26,11,1091,,,
26,12,1092,,,
26,13,1093,,,
26,14,1094,,,
26,15,1095,,,
26,16,1096,,,
26,17,1097,,,
26,18,1098,,,
26,19,1099,,,
26,20,1100,,,
26,21,1101,,,
26,22,1102,,,
26,23,1103,,,
26,24,1104,,,
26,25,1105,,,
26,26,1106,,,
26,27,1107,,,
26,28,1108,,,
26,29,1109,,,
26,30,1110,,,
26,31,1111,,,
26,32,1112,,,
26,33,1113,,,
26,34,1114,,,
26,35,1115,,,
26,36,1116,,,
26,37,1117,,,
26,38,1118,,,
26,39,1119,,,
26,40,1120,,,
27,0,1121,,,
27,1,1122,,,
27,2,1123,,,
27,3,1124,,,
27,4,1125,,,
27,5,1126,,,
27,6,1127,,,
27,7,1128,,,
27,8,1129,,,
27,9,1130,,,
27,10,1131,,,
27,11,1132,,,
27,12,1133,,,
27,13,1134,,,
27,14,1135,,,
27,15,1136,,,
27,16,1137,,,
27,17,1138,,,
27,18,1139,,,
27,19,1140,,,
27,20,1141,,,
27,21,1142,,,
27,22,1143,,,
27,23,1144,,,
27,24,1145,,,
27,25,1146,,,
27,26,1147,,,
27,27,1148,,,
27,28,1149,,,
27,29,1150,,,
27,30,1151,,,
27,31,1152,,,
27,32,1153,,,
27,33,1154,,,
27,34,1155,,,
27,35,1156,,,
27,36,1157,,,
27,37,1158,,,
27,38,1159,,,
27,39,1160,,,
27,40,1161,,,
28,0,1162,,,
28,1,1163,,,
28,2,1164,,,
28,3,1165,,,
28,4,1166,,,
28,5,1167,,,
28,6,1168,,,
28,7,1169,,,
28,8,1170,,,
28,9,1171,,,
28,10,1172,,,
28,11,1173,,,
28,12,1174,,,
28,13,1175,,,
28,14,1176,,,
28,15,1177,,,
28,16,1178,,,
28,17,1179,,,
28,18,1180,,,
28,19,1181,,,
28,20,1182,,,
28,21,1183,,,
28,22,1184,,,
28,23,1185,,,
28,24,1186,,,
28,25,1187,,,
28,26,1188,,,
28,27,1189,,,
28,28,1190,,,
28,29,1191,,,
28,30,1192,,,
28,31,1193,,,
28,32,1194,,,
28,33,1195,,,
28,34,1196,,,
28,35,1197,,,
28,36,1198,,,
28,37,1199,,,
28,38,1200,,,
28,39,1201,,,
28,40,1202,,,
28,41,1203,,,
29,0,1204,,,
29,1,1205,,,
29,2,1206,,,
29,3,1207,,,
29,4,1208,,,
29,5,1209,,,
29,6,1210,,,
29,7,1211,,,
29,8,1212,,,
29,9,1213,,,
29,10,1214,,,
29,11,1215,,,
29,12,1216,,,
29,13,1217,,,
29,14,1218,,,
29,15,1219,,,
29,16,1220,,,
29,17,1221,,,
29,18,1222,,,
29,19,1223,,,
29,20,1224,,,
29,21,1225,,,
29,22,1226,,,
29,23,1227,,,
29,24,1228,,,
29,25,1229,,,
29,26,1230,,,
29,27,1231,,,
29,28,1232,,,
29,29,1233,,,
29,30,1234,,,
29,31,1235,,,
29,32,1236,,,
29,33,1237,,,
29,34,1238,,,
29,35,1239,,,
29,36,1240,,,
29,37,1241,,,
29,38,1242,,,
29,39,1243,,,
29,40,1244,,,
29,41,1245,,,
