global_idx,pred_e_s,pred_sigma_0
0,1112.3895,-2.78097375
1,1203.702,-3.009255
2,1313.3427,-3.28335675
3,1444.827,-3.6120675
4,1602.6552,-4.006638
5,1792.0458,-4.4801145
6,2019.3114,-5.0482785
7,2292.0457,-5.730114250000001
8,2619.2957,-6.54823925
9,3032.327,-7.5808175
10,3538.0457,-8.84511425
11,4144.921,-10.3623025
12,4873.1865,-12.18296625
13,5747.1084,-14.367771
14,6795.8115,-16.989528749999998
15,8054.2334,-20.1355835
16,9564.39,-23.910974999999997
17,11376.53,-28.441325000000003
18,13551.124,-33.87781
19,16236.624,-40.59156
20,19509.873,-48.7746825
21,23437.81,-58.594525000000004
22,28151.326,-70.378315
23,33807.47,-84.518675
24,40594.812,-101.48702999999999
25,48617.36,-121.5434
26,58345.625,-145.8640625
27,70072.875,-175.1821875
28,83303.34,-208.25834999999998
29,100931.71,-252.32927500000002
30,121070.586,-302.676465
31,144197.03,-360.492575
32,173786.06,-434.46515
33,208928.8,-522.322
34,250371.98,-625.9299500000001
35,301793.84,-754.4846000000001
36,360281.25,-900.703125
37,901893.6,-901.8936
38,450209.6,-450.20959999999997
39,224973.84,-224.97384
40,112977.125,-112.977125
41,996.3114,-2.4907785000000002
42,1064.4364,-2.6610910000000003
43,1146.1708,-2.8654270000000004
44,1244.2645,-3.11066125
45,1361.9833,-3.4049582500000004
46,1503.1864,-3.757966
47,1672.702,-4.181755
48,1876.1239,-4.69030975
49,2120.1863,-5.30046575
50,2413.0613,-6.032653249999999
51,2766.7175,-6.91679375
52,3219.3425,-8.048356250000001
53,3762.5144,-9.406286
54,4414.296,-11.03574
55,5196.421,-12.9910525
56,6134.968,-15.33742
57,7261.249,-18.1531225
58,8612.765,-21.531912499999997
59,10234.593,-25.586482500000002
60,12180.78,-30.45195
61,14517.718,-36.294295000000005
62,17447.201,-43.6180025
63,20962.607,-52.4065175
64,25181.092,-62.95273
65,30243.232,-75.60808
66,36317.734,-90.79433499999999
67,43773.36,-109.4334
68,52065.61,-130.164025
69,63010.906,-157.527265
70,74966.08,-187.4152
71,89766.1,-224.41525000000001
72,108576.88,-271.4422
73,130298.65,-325.746625
74,155683.73,-389.20932500000004
75,187355.27,-468.388175
76,224448.42,-561.1210500000001
77,269300.72,-673.2517999999999
78,323317.5,-808.29375
79,807790.56,-807.79056
80,403616.62,-403.61662
81,202503.62,-202.50361999999998
82,1084.5145,-2.71128625
83,1170.2645,-2.92566125
84,1273.1552,-3.1828879999999997
85,1396.6552,-3.491638
86,1544.8427,-3.8621067499999997
87,1722.6395,-4.30659875
88,1936.0458,-4.8401145
89,2192.0925,-5.48023125
90,2499.3582,-6.2483955
91,2877.8738,-7.194684499999999
92,3352.702,-8.381755
93,3922.5613,-9.806403249999999
94,4606.327,-11.5158175
95,5426.843,-13.567107499999999
96,6411.5146,-16.028786500000002
97,7593.077,-18.9826925
98,9010.999,-22.5274975
99,10712.437,-26.7810925
100,12754.218,-31.885545
101,15236.999,-38.0924975
102,18310.357,-45.7758925
103,21998.357,-54.9958925
104,26423.998,-66.059995
105,31734.717,-79.3367925
106,38107.5,-95.26875
107,45770.08,-114.4252
108,54524.11,-136.310275
109,66032.44,-165.0811
110,78454.84,-196.1371
111,94318.97,-235.797425
112,113486.16,-283.7154
113,136114.48,-340.2862
114,163086.14,-407.71535000000006
115,195863.78,-489.65945
116,234933.88,-587.3347
117,282647.97,-706.619925
118,337558.88,-843.8972
119,407582.0,-1018.955
120,1013685.7,-1013.6857
121,507310.7,-507.3107
122,253973.34,-253.97334
123,126997.03,-126.99703
124,1074.1395,-2.68534875
125,1157.8583,-2.8946457500000005
126,1258.2802,-3.1457005
127,1378.7958,-3.4469895000000004
128,1523.3895,-3.80847375
129,1696.952,-4.24238
130,1905.1864,-4.7629660000000005
131,2155.0613,-5.38765325
132,2454.9675,-6.13741875
133,2820.655,-7.051637500000001
134,3284.0457,-8.21011425
135,3840.155,-9.6003875
136,4507.4834,-11.2687085
137,5308.249,-13.2706225
138,6269.1553,-15.672888250000002
139,7422.2334,-18.5555835
140,8805.968,-22.014920000000004
141,10466.437,-26.1660925
142,12458.999,-31.1474975
143,14866.718,-37.166795
144,17866.014,-44.665034999999996
145,21465.154,-53.662884999999996
146,25784.154,-64.460385
147,30966.904,-77.41726
148,37186.14,-92.96535
149,44723.938,-111.80984500000001
150,53258.484,-133.14621
151,64535.797,-161.3394925
152,76658.83,-191.647075
153,91975.16,-229.9379
154,110819.14,-277.04785
155,133120.52,-332.80129999999997
156,159575.73,-398.93932500000005
157,191534.12,-478.83529999999996
158,229535.98,-573.83995
159,275776.8,-689.442
160,330227.44,-825.5686000000001
161,397446.94,-993.61735
162,989759.3,-989.7593
163,495462.66,-495.46265999999997
164,247627.47,-247.62747
165,123906.23,-123.90623
166,1148.1552,-2.8703879999999997
167,1246.6395,-3.11659875
168,1364.8427,-3.41210675
169,1506.6552,-3.766638
170,1676.8427,-4.19210675
171,1881.077,-4.7026925
172,2126.1082,-5.3152705000000005
173,2420.1863,-6.05046575
174,2775.9363,-6.939840749999999
175,3230.3894,-8.0759735
176,3775.7488,-9.439371999999999
177,4430.1553,-11.075388250000001
178,5215.468,-13.03867
179,6157.827,-15.3945675
180,7288.702,-18.221755
181,8645.702,-21.614255
182,10274.124,-25.68531
183,12228.233,-30.5705825
184,14577.187,-36.4429675
185,17518.607,-43.7965175
186,21048.28,-52.6207
187,25283.889,-63.2097225
188,30366.623,-75.9165575
189,36465.797,-91.1644925
190,43935.42,-109.83855
191,52268.984,-130.67246
192,63286.062,-158.21515499999998
193,75254.68,-188.1367
194,90142.7,-225.35675
195,108959.16,-272.3979
196,130779.73,-326.949325
197,156376.17,-390.940425
198,188073.8,-470.18449999999996
199,225315.78,-563.28945
200,270404.78,-676.0119500000001
201,324495.56,-811.2389
202,389522.94,-973.80735
203,971053.2,-971.0532
204,486003.34,-486.00334000000004
205,242666.1,-242.6661
206,121489.695,-121.48969500000001
207,1088.2489,-2.72062225
208,1174.7489,-2.93687225
209,1278.5614,-3.1964035
210,1403.1239,-3.5078097500000003
211,1552.6083,-3.8815207500000004
212,1731.9833,-4.329958250000001
213,1947.2177,-4.86804425
214,2205.5144,-5.513786
215,2515.4832,-6.288708000000001
216,2898.6238,-7.2465595
217,3377.5925,-8.44398125
218,3952.4207,-9.881051750000001
219,4642.1553,-11.60538825
220,5469.8896,-13.674724000000001
221,6463.1396,-16.157849000000002
222,7655.0303,-19.13757575
223,9085.296,-22.71324
224,10801.64,-27.004099999999998
225,12861.249,-32.1531225
226,15371.249,-38.4281225
227,18471.482,-46.178705
228,22191.732,-55.47933
229,26656.014,-66.640035
230,32013.123,-80.0328075
231,38441.594,-96.103985
232,46152.562,-115.381405
233,55010.844,-137.52711
234,66575.19,-166.437975
235,79106.1,-197.76525
236,95168.86,-237.92215
237,114530.53,-286.326325
238,137200.16,-343.0004
239,164359.1,-410.89775000000003
240,197560.78,-493.90195
241,236762.38,-591.90595
242,285139.56,-712.8489
243,340543.22,-851.3580499999999
244,411257.2,-1028.143
245,1022361.8,-1022.3618
246,511660.88,-511.66088
247,256209.56,-256.20956
248,128117.82,-128.11782
249,1042.6552,-2.606638
250,1120.0302,-2.8000754999999997
251,1212.8739,-3.0321847500000003
252,1324.3427,-3.3108567499999997
253,1458.0614,-3.6451535
254,1618.5145,-4.04628625
255,1811.0927,-4.52773175
256,2042.1552,-5.105388
257,2319.4207,-5.798551750000001
258,2652.1863,-6.63046575
259,3074.6707,-7.68667675
260,3588.8738,-8.9721845
261,4205.9365,-10.51484125
262,4946.4053,-12.366013250000002
263,5834.968,-14.58742
264,6901.218,-17.253045
265,8180.7334,-20.4518335
266,9716.155,-24.2903875
267,11558.64,-28.8966
268,13769.687,-34.4242175
269,16510.764,-41.27691
270,19838.873,-49.5971825
271,23832.576,-59.58144
272,28625.03,-71.562575
273,34375.92,-85.93979999999999
274,41322.25,-103.305625
275,49398.234,-123.49558499999999
276,59402.094,-148.505235
277,71180.95,-177.952375
278,84759.4,-211.89849999999998
279,102759.92,-256.89979999999997
280,123221.12,-308.0528
281,146413.69,-366.034225
282,176901.77,-442.25442499999997
283,212530.2,-531.3255
284,254807.67,-637.019175
285,307023.16,-767.5578999999999
286,366534.34,-916.33585
287,916783.4,-916.7834
288,457863.8,-457.86379999999997
289,228495.83,-228.49582999999998
290,114793.47,-114.79347
291,1156.8427,-2.89210675
292,1257.0614,-3.1426535
293,1377.3427,-3.44335675
294,1521.6708,-3.804177
295,1694.8583,-4.23714575
296,1902.6708,-4.756677
297,2152.0613,-5.380153249999999
298,2451.327,-6.1283175000000005
299,2815.9988,-7.039997
300,3278.4675,-8.19616875
301,3833.4363,-9.583590749999999
302,4499.4053,-11.24851325
303,5298.5615,-13.246403749999999
304,6257.546,-15.643865
305,7408.343,-18.520857499999998
306,8789.265,-21.973162499999997
307,10446.405,-26.1160125
308,12434.968,-31.08742
309,14836.53,-37.091325000000005
310,17829.764,-44.57441
311,21421.701,-53.554252500000004
312,25731.982,-64.329955
313,30904.31,-77.26077500000001
314,37111.03,-92.777575
315,44641.75,-111.604375
316,53155.312,-132.88828
317,64413.766,-161.034415
318,76512.445,-191.2811125
319,91784.1,-229.46025
320,110625.2,-276.563
321,132876.44,-332.1911
322,159289.56,-398.2239
323,191181.34,-477.95335
324,229095.97,-572.739925
325,275216.7,-688.04175
326,329629.78,-824.0744500000001
327,396620.7,-991.5517500000001
328,987808.9,-987.8089
329,494571.88,-494.57188
330,247110.16,-247.11016
331,123654.25,-123.65425
332,1190.4052,-2.976013
333,1297.327,-3.2433175
334,1425.6552,-3.564138
335,1579.6395,-3.94909875
336,1764.4208,-4.411052000000001
337,1986.1708,-4.965427
338,2252.2488,-5.630622
339,2571.5457,-6.42886425
340,2970.827,-7.427067500000001
341,3464.2644,-8.660661
342,4056.3894,-10.1409735
343,4766.952,-11.917380000000001
344,5619.6084,-14.049021
345,6642.827,-16.6070675
346,7870.6553,-19.67663825
347,9344.077,-23.360192499999997
348,11112.155,-27.780387500000003
349,13233.858,-33.084645
350,15838.624,-39.59656
351,19032.31,-47.580775
352,22864.764,-57.16191
353,27463.639,-68.6590975
354,32982.266,-82.45566500000001
355,39604.547,-99.01136749999999
356,47483.812,-118.70953
357,56811.97,-142.029925
358,68464.3,-171.16075
359,81373.05,-203.432625
360,98277.69,-245.69422500000002
361,118069.88,-295.17470000000003
362,140979.19,-352.447975
363,169263.08,-423.1577
364,203700.67,-509.25167500000003
365,243932.77,-609.831925
366,294378.12,-735.9453
367,351203.78,-878.00945
368,424049.88,-1060.1247
369,1052389.4,-1052.3893999999998
370,527491.06,-527.4910600000001
371,263880.0,-263.88
372,132019.12,-132.01912
373,1095.7177,-2.73929425
374,1183.702,-2.959255
375,1289.3114,-3.2232785
376,1416.0145,-3.54003625
377,1568.077,-3.9201925
378,1750.5458,-4.3763645
379,1969.4989,-4.92374725
380,2232.2644,-5.580661
381,2547.5613,-6.36890325
382,2939.952,-7.349880000000001
383,3427.1863,-8.567965749999999
384,4011.9207,-10.02980175
385,4713.593,-11.7839825
386,5555.5615,-13.888903749999999
387,6565.9365,-16.41484125
388,7778.421,-19.4460525
389,9233.374,-23.083434999999998
390,10979.312,-27.44828
391,13074.468,-32.686170000000004
392,15638.718,-39.096795
393,18792.404,-46.98101
394,22576.826,-56.442065
395,27118.139,-67.79534749999999
396,32567.67,-81.419175
397,39107.08,-97.7677
398,46914.33,-117.285825
399,56041.5,-140.10375
400,67656.16,-169.1404
401,80403.3,-201.00825
402,96944.39,-242.360975
403,116573.62,-291.43405
404,139362.62,-348.40655
405,166990.83,-417.47707499999996
406,201074.17,-502.685425
407,240697.83,-601.7445749999999
408,290506.56,-726.2664
409,346643.47,-866.608675
410,869160.8,-869.1608
411,433832.4,-433.8324
412,217292.58,-217.29258
413,109015.64,-109.01564
414,1041.8895,-2.60472375
415,1119.1083,-2.79777075
416,1211.7958,-3.0294895000000004
417,1322.9989,-3.30749725
418,1456.4677,-3.64116925
419,1616.6239,-4.04155975
420,1808.7645,-4.52191125
421,2039.4052,-5.098513
422,2316.155,-5.7903875000000005
423,2648.2175,-6.62054375
424,3069.577,-7.673942500000001
425,3582.7332,-8.956833
426,4198.577,-10.4964425
427,4937.577,-12.3439425
428,5824.343,-14.5608575
429,6888.499,-17.2212475
430,8165.468,-20.41367
431,9697.843,-24.2446075
432,11536.687,-28.8417175
433,13743.296,-34.35824
434,16477.67,-41.194174999999994
435,19799.154,-49.497885
436,23784.951,-59.4623775
437,28567.889,-71.41972249999999
438,34307.344,-85.76835999999999
439,41231.984,-103.07995999999999
440,49304.016,-123.26004
441,59274.625,-148.1865625
442,71047.266,-177.618165
443,84564.73,-211.411825
444,102539.336,-256.34834
445,122961.65,-307.40412499999996
446,146146.22,-365.36555
447,176525.83,-441.314575
448,212095.66,-530.23915
449,254272.5,-635.68125
450,306390.28,-765.9757000000001
451,365779.84,-914.4496
452,915002.1,-915.0020999999999
453,456940.28,-456.94028000000003
454,228070.89,-228.07089000000002
455,114574.34,-114.57433999999999
456,1111.827,-2.7795675
457,1202.9989,-3.00749725
458,1312.4677,-3.2811692499999996
459,1443.8114,-3.6095285
460,1601.4677,-4.00366925
461,1790.6083,-4.476520750000001
462,2017.577,-5.0439425
463,2289.952,-5.724880000000001
464,2616.7957,-6.54198925
465,3029.0925,-7.57273125
466,3534.1863,-8.83546575
467,4140.296,-10.35074
468,4867.6396,-12.169099000000001
469,5740.4365,-14.35109125
470,6787.7803,-16.96945075
471,8044.6396,-20.111599000000002
472,9552.827,-23.882067499999998
473,11362.671,-28.4066775
474,13534.468,-33.83617
475,16215.733,-40.5393325
476,19484.826,-48.712065
477,23407.748,-58.51937
478,28115.232,-70.28808
479,33764.17,-84.41042499999999
480,40542.86,-101.35715
481,48557.89,-121.394725
482,58265.14,-145.66285
483,69988.47,-174.97117500000002
484,83202.07,-208.005175
485,100792.44,-251.9811
486,120906.766,-302.266915
487,144028.19,-360.070475
488,173548.7,-433.87175
489,208654.42,-521.6360500000001
490,250034.08,-625.0852
491,301404.7,-753.51175
492,359804.9,-899.5122500000001
493,434792.25,-1086.980625
494,1067457.4,-1067.4574
495,540581.6,-540.5816
496,270068.66,-270.06865999999997
497,135166.75,-135.16675
498,1078.9052,-2.697263
499,1163.5302,-2.9088255
500,1265.1083,-3.1627707500000004
501,1386.9677,-3.46741925
502,1533.2177,-3.83304425
503,1708.6864,-4.2717160000000005
504,1919.2958,-4.7982395
505,2172.03,-5.430075
506,2475.28,-6.1882
507,2846.8113,-7.11702825
508,3315.452,-8.288630000000001
509,3877.8113,-9.69452825
510,4552.6553,-11.381638250000002
511,5362.468,-13.40617
512,6334.218,-15.835545
513,7500.374,-18.750935
514,8899.718,-22.249295000000004
515,10578.921,-26.4473025
516,12593.999,-31.4849975
517,15036.03,-37.590075
518,18069.186,-45.172965000000005
519,21708.967,-54.2724175
520,26076.732,-65.19183
521,31317.982,-78.294955
522,37607.438,-94.018595
523,45197.67,-112.994175
524,53837.234,-134.593085
525,65220.156,-163.05039
526,77480.09,-193.700225
527,93046.91,-232.617275
528,112001.82,-280.00455
529,134489.56,-336.2239
530,161180.92,-402.95230000000004
531,193513.72,-483.78430000000003
532,232004.27,-580.010675
533,278918.8,-697.297
534,333579.84,-833.9496
535,836166.3,-836.1663000000001
536,417587.47,-417.58747
537,209549.9,-209.5499
538,105022.54,-105.02253999999999
539,1181.577,-2.9539425
540,1286.7333,-3.21683325
541,1412.952,-3.53238
542,1564.3895,-3.91097375
543,1746.1552,-4.365387999999999
544,1964.2333,-4.91058325
545,2225.9207,-5.56480175
546,2539.952,-6.349880000000001
547,2930.1394,-7.3253485000000005
548,3415.4363,-8.53859075
549,3997.827,-9.9945675
550,4696.671,-11.741677500000002
551,5535.2803,-13.83820075
552,6541.593,-16.3539825
553,7749.202,-19.373005
554,9198.312,-22.99578
555,10937.249,-27.3431225
556,13023.968,-32.559920000000005
557,15575.358,-38.938395
558,18716.373,-46.7909325
559,22485.607,-56.2140175
560,27008.686,-67.521715
561,32436.342,-81.090855
562,38949.438,-97.37359500000001
563,46733.89,-116.83472499999999
564,55797.39,-139.493475
565,67400.125,-168.5003125
566,80096.05,-200.240125
567,96521.94,-241.30485000000002
568,116099.52,-290.2488
569,138850.42,-347.12605
570,166293.98,-415.73495
571,200241.97,-500.604925
572,239672.86,-599.18215
573,289213.4,-723.0335
574,345198.56,-862.9964
575,865692.8,-865.6928
576,432124.88,-432.12488
577,216478.75,-216.47875
578,108595.92,-108.59591999999999
579,945.96765,-2.364919125
580,1004.0145,-2.51003625
581,1073.6552,-2.684138
582,1157.2489,-2.8931222500000002
583,1257.577,-3.1439425
584,1377.9052,-3.444763
585,1522.3583,-3.8058957500000004
586,1695.6864,-4.239216
587,1903.6708,-4.759177
588,2153.28,-5.3832
589,2452.7644,-6.131911
590,2817.8738,-7.0446845
591,3280.7332,-8.201833
592,3836.1394,-9.5903485
593,4502.624,-11.25656
594,5302.421,-13.256052500000001
595,6262.202,-15.655505
596,7413.8896,-18.534724
597,8795.952,-21.98988
598,10454.39,-26.135975
599,12444.577,-31.1114425
600,14848.577,-37.1214425
601,17844.28,-44.610699999999994
602,21439.06,-53.59765
603,25752.795,-64.3819875
604,30929.326,-77.32331500000001
605,37141.03,-92.852575
606,44674.562,-111.686405
607,53196.53,-132.991325
608,64462.5,-161.15625
609,76570.9,-191.42725
610,91860.41,-229.651025
611,110702.664,-276.75666
612,132973.94,-332.43485
613,159403.88,-398.5097
614,191322.25,-478.305625
615,229271.75,-573.179375
616,275440.44,-688.6011
617,329868.53,-824.671325
618,396950.72,-992.3767999999999
619,988588.0,-988.588
620,494927.72,-494.92771999999997
621,247316.78,-247.31678
622,123754.88,-123.75488
623,1068.3114,-2.6707785
624,1150.827,-2.8770675
625,1249.827,-3.1245675
626,1368.6708,-3.4216770000000003
627,1511.2645,-3.77816125
628,1682.3739,-4.20593475
629,1887.702,-4.719255
630,2134.077,-5.335192500000001
631,2429.7644,-6.0744110000000004
632,2788.2175,-6.970543750000001
633,3245.155,-8.112887500000001
634,3793.4675,-9.48366875
635,4451.421,-11.128552500000001
636,5240.9834,-13.102458500000001
637,6188.4365,-15.471091249999999
638,7325.421,-18.3135525
639,8689.765,-21.7244125
640,10327.03,-25.817575
641,12291.671,-30.729177500000002
642,14656.812,-36.64203
643,17614.139,-44.0353475
644,21162.904,-52.907259999999994
645,25421.451,-63.553627500000005
646,30531.67,-76.32917499999999
647,36663.86,-91.65965
648,44152.234,-110.380585
649,52541.047,-131.3526175
650,63654.17,-159.135425
651,75640.76,-189.1019
652,90646.555,-226.61638749999997
653,109470.56,-273.6764
654,131423.38,-328.55845
655,157302.42,-393.25605
656,189035.39,-472.588475
657,226476.17,-566.190425
658,271881.88,-679.7047
659,326071.56,-815.1789
660,815405.7,-815.4056999999999
661,407365.97,-407.36596999999995
662,204438.8,-204.4388
663,1081.4677,-2.70366925
664,1166.6239,-2.9165597500000002
665,1268.7802,-3.1719505
666,1391.4208,-3.478552
667,1538.5458,-3.8463645000000004
668,1715.1395,-4.28784875
669,1927.0302,-4.8175755
670,2181.2644,-5.453161
671,2486.3582,-6.2158955
672,2861.1082,-7.1527705
673,3332.6394,-8.3315985
674,3898.452,-9.74613
675,4577.3896,-11.443474000000002
676,5392.171,-13.480427500000001
677,6369.843,-15.9246075
678,7543.093,-18.8577325
679,8950.968,-22.37742
680,10640.452,-26.601129999999998
681,12667.812,-31.669529999999998
682,15128.624,-37.82156
683,18180.326,-45.450815000000006
684,21842.326,-54.605815
685,26236.748,-65.59187
686,31510.03,-78.775075
687,37837.875,-94.5946875
688,45461.453,-113.6536325
689,54153.734,-135.384335
690,65594.484,-163.98621
691,77929.29,-194.82322499999998
692,93633.086,-234.08271499999998
693,112685.805,-281.71451249999996
694,135238.36,-338.0959
695,162058.88,-405.1472
696,194596.67,-486.49167500000004
697,233354.28,-583.3857
698,280637.22,-701.59305
699,335413.44,-838.5336
700,404616.16,-1011.5404
701,1006684.06,-1006.68406
702,503800.16,-503.80015999999995
703,252116.33,-252.11632999999998
704,126092.57,-126.09257000000001
705,1066.3739,-2.66593475
706,1148.4989,-2.87124725
707,1247.0458,-3.1176145
708,1365.3114,-3.4132785
709,1507.2177,-3.76804425
710,1677.5302,-4.1938255
711,1881.9052,-4.704763
712,2127.1394,-5.3178485
713,2421.405,-6.0535125
714,2777.4832,-6.943708
715,3232.2488,-8.080622
716,3777.9675,-9.444918750000001
717,4432.827,-11.0820675
718,5218.6865,-13.04671625
719,6161.702,-15.404255000000001
720,7293.3115,-18.23327875
721,8651.265,-21.6281625
722,10280.796,-25.701990000000002
723,12236.202,-30.590504999999997
724,14587.249,-36.4681225
725,17530.623,-43.8265575
726,21062.717,-52.6567925
727,25301.201,-63.2530025
728,30387.42,-75.96855
729,36490.72,-91.2268
730,43962.703,-109.9067575
731,52303.234,-130.758085
732,63332.406,-158.331015
733,75303.29,-188.25822499999998
734,90206.14,-225.51535
735,109023.52,-272.5588
736,130860.77,-327.151925
737,156492.78,-391.23195
738,188194.86,-470.48715
739,225461.86,-563.65465
740,270590.72,-676.4767999999999
741,324693.94,-811.73485
742,389797.22,-974.4930499999999
743,971700.7,-971.7007
744,486339.1,-486.3391
745,242837.83,-242.83783
746,121573.35,-121.57335
747,1133.7958,-2.8344895
748,1229.4364,-3.073591
749,1344.1552,-3.360388
750,1481.8427,-3.70460675
751,1647.0614,-4.1176535
752,1845.327,-4.6133175
753,2083.2488,-5.2081219999999995
754,2368.7644,-5.921911
755,2711.3738,-6.7784344999999995
756,3150.905,-7.8772625000000005
757,3680.3582,-9.2008955
758,4315.702,-10.789255
759,5078.1084,-12.695271
760,5993.0146,-14.982536500000002
761,7090.874,-17.727185
762,8408.312,-21.02078
763,9989.265,-24.973162499999997
764,11886.405,-29.7160125
765,14162.733,-35.4068325
766,17004.092,-42.51023
767,20430.857,-51.0771425
768,24542.982,-61.357455
769,29477.498,-73.69374499999999
770,35398.906,-88.49726500000001
771,42668.266,-106.67066500000001
772,50803.406,-127.008515
773,61303.22,-153.25805
774,73174.945,-182.9373625
775,87428.65,-218.57162499999998
776,106050.85,-265.12712500000004
777,127091.016,-317.72754000000003
778,150983.97,-377.459925
779,182508.47,-456.271175
780,219010.97,-547.527425
781,262448.22,-656.12055
782,316006.0,-790.015
783,377786.78,-944.4669500000001
784,943347.2,-943.3471999999999
785,471637.5,-471.6375
786,235317.75,-235.31775
787,118062.03,-118.06203
788,1040.952,-2.60238
789,1117.9989,-2.79499725
790,1210.452,-3.02613
791,1321.4052,-3.3035129999999997
792,1454.5302,-3.6363255
793,1614.2802,-4.0357005
794,1805.9989,-4.51499725
795,2036.077,-5.0901925
796,2312.1238,-5.7803094999999995
797,2643.405,-6.608512500000001
798,3063.3738,-7.658434499999999
799,3575.3113,-8.93827825
800,4189.624,-10.47406
801,4926.8584,-12.317146000000001
802,5811.4834,-14.5287085
803,6873.077,-17.1826925
804,8146.952,-20.36738
805,9675.593,-24.1889825
806,11510.015,-28.7750375
807,13711.296,-34.278240000000004
808,16437.545,-41.09386249999999
809,19751.014,-49.377534999999995
810,23727.154,-59.317885
811,28498.53,-71.246325
812,34224.11,-85.560275
813,41122.484,-102.80621
814,49189.688,-122.97422
815,59119.953,-147.7998825
816,70885.0,-177.2125
817,84328.46,-210.82115000000002
818,102271.65,-255.679125
819,122646.77,-306.61692500000004
820,145821.67,-364.55417500000004
821,176069.64,-440.1741
822,211568.34,-528.92085
823,253623.02,-634.05755
824,305622.28,-764.0557000000001
825,364864.28,-912.1607
826,912840.75,-912.84075
827,455819.56,-455.81956
828,227555.2,-227.5552
829,114308.37,-114.30837
830,1130.077,-2.8251925
831,1224.9208,-3.0623020000000003
832,1338.7802,-3.3469504999999997
833,1475.3739,-3.6884347500000003
834,1639.3114,-4.0982785
835,1836.0145,-4.59003625
836,2072.1082,-5.180270500000001
837,2355.3582,-5.888395500000001
838,2695.2957,-6.73823925
839,3130.1707,-7.82542675
840,3655.4832,-9.138708000000001
841,4285.874,-10.714685
842,5042.3115,-12.605778749999999
843,5950.0615,-14.875153749999999
844,7039.343,-17.5983575
845,8346.483,-20.8662075
846,9915.062,-24.787655
847,11797.358,-29.493395
848,14056.077,-35.1401925
849,16869.998,-42.174994999999996
850,20269.967,-50.6749175
851,24349.936,-60.874840000000006
852,29245.857,-73.1146425
853,35120.875,-87.8021875
854,42302.484,-105.75621
855,50421.516,-126.05379
856,60786.562,-151.966405
857,72633.06,-181.58265
858,86721.484,-216.80371
859,105156.41,-262.891025
860,126039.34,-315.09835
861,149484.17,-373.71042500000004
862,180984.78,-452.46195
863,217249.77,-543.124425
864,260375.06,-650.93765
865,313793.97,-784.484925
866,374728.84,-936.8221000000001
867,936128.3,-936.1283000000001
868,467894.4,-467.8944
869,233403.11,-233.40311
870,117173.78,-117.17378
871,1093.077,-2.7326925
872,1180.5458,-2.9513645000000004
873,1285.5302,-3.2138255
874,1411.4677,-3.5286692499999996
875,1562.6083,-3.9065207500000003
876,1743.9833,-4.35995825
877,1961.6395,-4.90409875
878,2222.827,-5.5570675000000005
879,2536.2332,-6.3405830000000005
880,2925.3738,-7.3134345
881,3409.702,-8.524255
882,3990.905,-9.9772625
883,4688.3896,-11.720974000000002
884,5525.343,-13.8133575
885,6529.671,-16.3241775
886,7734.8584,-19.337146
887,9181.14,-22.952849999999998
888,10916.64,-27.2916
889,12999.233,-32.4980825
890,15544.343,-38.8608575
891,18679.186,-46.697965
892,22440.951,-56.1023775
893,26955.107,-67.3877675
894,32372.045,-80.93011249999999
895,38872.312,-97.18078
896,46645.58,-116.61395
897,55677.875,-139.1946875
898,67274.78,-168.18695
899,79945.66,-199.86415
900,96315.13,-240.787825
901,115867.46,-289.66865
902,138599.69,-346.499225
903,166000.03,-415.000075
904,199834.64,-499.58660000000003
905,239171.14,-597.92785
906,288580.44,-721.4511
907,344491.28,-861.2282
908,863995.2,-863.9952
909,431289.1,-431.28909999999996
910,216080.39,-216.08039000000002
911,1014.65515,-2.5366378750000003
912,1086.4364,-2.716091
913,1172.5614,-2.9314035
914,1275.9052,-3.1897629999999997
915,1399.952,-3.49988
916,1548.7958,-3.8719895
917,1727.4208,-4.318552
918,1941.7645,-4.85441125
919,2198.9675,-5.4974187500000005
920,2507.6238,-6.2690595
921,2888.4988,-7.221247
922,3365.4675,-8.413668750000001
923,3937.8425,-9.84460625
924,4624.702,-11.561755
925,5448.9053,-13.622263250000001
926,6437.952,-16.09488
927,7624.827,-19.0620675
928,9049.062,-22.622654999999998
929,10758.155,-26.895387500000002
930,12809.046,-32.022615
931,15305.78,-38.264450000000004
932,18392.904,-45.98226
933,22097.436,-55.243590000000005
934,26542.889,-66.35722249999999
935,31877.373,-79.6934325
936,38278.688,-95.69672
937,45966.062,-114.915155
938,54759.297,-136.8982425
939,66310.516,-165.77629000000002
940,78788.555,-196.9713875
941,94754.45,-236.886125
942,114010.63,-285.02657500000004
943,136670.8,-341.67699999999996
944,163738.4,-409.346
945,196700.73,-491.75182500000005
946,235922.23,-589.805575
947,283924.66,-709.81165
948,339049.9,-847.6247500000001
949,409465.22,-1023.6630499999999
950,1018131.4,-1018.1314
951,509539.72,-509.53972
952,255135.1,-255.1351
953,127571.336,-127.571336
954,970.46765,-2.426169125
955,1033.4052,-2.583513
956,1108.9364,-2.772341
957,1199.5614,-2.9989035
958,1308.3427,-3.2708567499999996
959,1438.8739,-3.5971847500000003
960,1595.4989,-3.9887472500000003
961,1783.4364,-4.458591
962,2008.9833,-5.022458250000001
963,2279.6394,-5.6990985
964,2604.4363,-6.511090749999999
965,3013.202,-7.533005
966,3515.1082,-8.7877705
967,4117.4053,-10.29351325
968,4840.1396,-12.100349000000001
969,5707.4365,-14.26859125
970,6748.218,-16.870545
971,7997.1396,-19.992849
972,9495.843,-23.7396075
973,11294.28,-28.2357
974,13452.421,-33.6310525
975,16112.812,-40.28203
976,19361.31,-48.403275
977,23259.53,-58.148824999999995
978,27937.404,-69.84351
979,33550.75,-83.876875
980,40286.75,-100.716875
981,48264.72,-120.6618
982,57868.5,-144.67125
983,69572.45,-173.93112499999998
984,82702.836,-206.75708999999998
985,100106.03,-250.265075
986,120121.695,-300.3042375
987,143195.97,-357.989925
988,172378.97,-430.947425
989,207302.31,-518.255775
990,248368.73,-620.921825
991,299486.78,-748.7169500000001
992,357457.28,-893.6432000000001
993,895115.56,-895.1155600000001
994,446752.88,-446.75288
995,223383.3,-223.3833
996,112156.805,-112.15680499999999
997,1060.9833,-2.6524582500000005
998,1142.0145,-2.85503625
999,1239.2958,-3.0982395
1000,1355.9989,-3.38999725
1001,1496.0614,-3.7401535
1002,1664.1239,-4.16030975
1003,1865.7958,-4.6644895
1004,2107.7957,-5.26948925
1005,2398.2175,-5.99554375
1006,2747.6082,-6.8690205
1007,3196.4207,-7.9910517500000005
1008,3734.9675,-9.337418750000001
1009,4381.2334,-10.9530835
1010,5156.7646,-12.8919115
1011,6087.3896,-15.218474
1012,7204.1396,-18.010349
1013,8544.233,-21.3605825
1014,10152.358,-25.380895
1015,12082.108,-30.20527
1016,14395.546,-35.988865000000004
1017,17298.654,-43.246635
1018,20784.342,-51.960855
1019,24967.17,-62.417925
1020,29986.545,-74.9663625
1021,36009.688,-90.02422
1022,43436.188,-108.59047000000001
1023,51642.484,-129.10621
1024,62438.453,-156.0961325
1025,74365.64,-185.9141
1026,88982.49,-222.45622500000002
1027,107781.52,-269.4538
1028,129297.71,-323.244275
1029,154124.64,-385.31160000000006
1030,185740.39,-464.35097500000006
1031,222643.8,-556.6095
1032,267003.56,-667.5089
1033,320866.44,-802.1661
1034,384506.0,-961.265
1035,959209.5,-959.2095
1036,479862.3,-479.8623
1037,239524.84,-239.52483999999998
1038,120013.805,-120.01380499999999
1039,1148.3114,-2.8707785
1040,1246.827,-3.1170675
1041,1365.0614,-3.4126535000000002
1042,1506.9052,-3.767263
1043,1677.1552,-4.192888
1044,1881.4052,-4.703513
1045,2126.577,-5.316442500000001
1046,2420.7175,-6.051793750000001
1047,2776.6238,-6.941559499999999
1048,3231.202,-8.078005000000001
1049,3776.7332,-9.441833
1050,4431.343,-11.0783575
1051,5216.874,-13.042185
1052,6159.546,-15.398865
1053,7290.718,-18.226795
1054,8648.14,-21.62035
1055,10277.046,-25.692615
1056,12231.718,-30.579295000000002
1057,14581.593,-36.4539825
1058,17523.904,-43.80976
1059,21054.623,-52.6365575
1060,25291.482,-63.228705
1061,30375.717,-75.93929250000001
1062,36476.72,-91.1918
1063,43947.39,-109.868475
1064,52284.0,-130.71
1065,63306.375,-158.2659375
1066,75276.0,-188.19
1067,90170.516,-225.42629
1068,108987.37,-272.46842499999997
1069,130815.266,-327.038165
1070,156427.3,-391.06825
1071,188126.88,-470.3172
1072,225379.84,-563.4496
1073,270486.34,-676.21585
1074,324582.53,-811.4563250000001
1075,389643.22,-974.1080499999999
1076,971337.06,-971.3370600000001
1077,486150.6,-486.1506
1078,242741.38,-242.74138
1079,121526.38,-121.52638
1080,1074.4677,-2.68616925
1081,1158.1864,-2.8954660000000003
1082,1258.702,-3.146755
1083,1379.3114,-3.4482785000000002
1084,1524.0145,-3.81003625
1085,1697.7177,-4.244294249999999
1086,1906.077,-4.7651925
1087,2156.1394,-5.3903485
1088,2456.2332,-6.140583
1089,2822.2957,-7.05573925
1090,3286.0457,-8.215114250000001
1091,3842.5144,-9.606286
1092,4510.2803,-11.27570075
1093,5311.671,-13.279177500000001
1094,6273.2334,-15.6830835
1095,7427.1865,-18.567966249999998
1096,8811.874,-22.029685
1097,10473.515,-26.183787499999998
1098,12467.515,-31.168787499999997
1099,14877.358,-37.193395
1100,17878.78,-44.696949999999994
1101,21480.514,-53.701285
1102,25802.56,-64.5064
1103,30988.982,-77.472455
1104,37212.656,-93.03164000000001
1105,44752.953,-111.8823825
1106,53294.89,-133.237225
1107,64578.844,-161.44710999999998
1108,76710.52,-191.77630000000002
1109,92042.6,-230.1065
1110,110887.59,-277.218975
1111,133206.67,-333.016675
1112,159676.75,-399.191875
1113,191658.64,-479.14660000000003
1114,229691.33,-574.2283249999999
1115,275974.53,-689.9363250000001
1116,330438.44,-826.0961
1117,827480.2,-827.4802
1118,413310.84,-413.31084000000004
1119,207507.14,-207.50714000000002
1120,103992.95,-103.99295
1121,1116.4052,-2.791013
1122,1208.577,-3.0214425
1123,1319.1395,-3.29784875
1124,1451.8114,-3.6295285
1125,1611.0302,-4.0275755
1126,1802.0614,-4.5051535000000005
1127,2031.3427,-5.07835675
1128,2306.4832,-5.766208000000001
1129,2636.6238,-6.5915595
1130,3054.6394,-7.6365985
1131,3564.827,-8.912067500000001
1132,4177.093,-10.4427325
1133,4911.796,-12.279490000000001
1134,5793.4053,-14.483513250000001
1135,6851.3896,-17.128474
1136,8120.9053,-20.30226325
1137,9644.343,-24.1108575
1138,11472.53,-28.681325
1139,13666.312,-34.16578
1140,16381.108,-40.95277
1141,19683.264,-49.20816
1142,23645.842,-59.114605000000005
1143,28400.982,-71.002455
1144,34107.047,-85.2676175
1145,40968.453,-102.4211325
1146,49028.875,-122.5721875
1147,58902.39,-147.255975
1148,70656.81,-176.642025
1149,84004.08,-210.0102
1150,101895.17,-254.737925
1151,122203.92,-305.5098
1152,145365.2,-363.413
1153,175428.03,-438.570075
1154,210826.73,-527.066825
1155,252709.58,-631.77395
1156,304542.12,-761.3552999999999
1157,363576.62,-908.94155
1158,909800.8,-909.8008000000001
1159,454243.4,-454.2434
1160,226829.94,-226.82994
1161,113934.35,-113.93435000000001
1162,949.5458,-2.3738645
1163,1008.327,-2.5208175
1164,1078.8427,-2.6971067499999997
1165,1163.4677,-2.90866925
1166,1264.9989,-3.16249725
1167,1386.8427,-3.4671067499999997
1168,1533.0927,-3.8327317499999998
1169,1708.5458,-4.271364500000001
1170,1919.0927,-4.79773175
1171,2171.8113,-5.42952825
1172,2474.9988,-6.187497
1173,2846.4988,-7.1162469999999995
1174,3315.077,-8.2876925
1175,3877.3894,-9.6934735
1176,4552.124,-11.38031
1177,5361.8115,-13.404528749999999
1178,6333.468,-15.83367
1179,7499.421,-18.748552500000002
1180,8898.577,-22.246442499999997
1181,10577.593,-26.4439825
1182,12592.39,-31.480974999999997
1183,15033.999,-37.5849975
1184,18066.732,-45.16683
1185,21706.045,-54.265112499999994
1186,26073.186,-65.18296500000001
1187,31313.764,-78.28441
1188,37602.36,-94.0059
1189,45191.875,-112.9796875
1190,53830.25,-134.575625
1191,65211.906,-163.029765
1192,77470.2,-193.6755
1193,93033.99,-232.58497500000001
1194,111986.75,-279.966875
1195,134473.06,-336.18264999999997
1196,161161.6,-402.904
1197,193489.89,-483.72472500000003
1198,231974.55,-579.936375
1199,278880.88,-697.2022000000001
1200,333539.5,-833.84875
1201,836054.6,-836.0545999999999
1202,417532.53,-417.53253
1203,209523.72,-209.52372
1204,1081.5927,-2.7039817499999996
1205,1166.7645,-2.91691125
1206,1268.9989,-3.17249725
1207,1391.6395,-3.47909875
1208,1538.7802,-3.8469504999999997
1209,1715.4364,-4.288591
1210,1927.3895,-4.81847375
1211,2181.7175,-5.454293750000001
1212,2486.8894,-6.2172235
1213,2861.8425,-7.1546062500000005
1214,3333.452,-8.333630000000001
1215,3899.4363,-9.74859075
1216,4578.593,-11.4464825
1217,5393.593,-13.4839825
1218,6371.5615,-15.92890375
1219,7545.171,-18.8629275
1220,8953.452,-22.383629999999997
1221,10643.437,-26.6085925
1222,12671.405,-31.6785125
1223,15133.14,-37.83285
1224,18185.732,-45.46433
1225,21848.81,-54.622025
1226,26244.53,-65.611325
1227,31519.357,-78.7983925
1228,37849.08,-94.62270000000001
1229,45474.28,-113.6857
1230,54169.125,-135.4228125
1231,65612.66,-164.03165
1232,77951.09,-194.877725
1233,93661.58,-234.15395
1234,112719.055,-281.7976375
1235,135274.73,-338.186825
1236,162101.53,-405.253825
1237,194649.3,-486.62325
1238,233419.88,-583.5497
1239,280720.75,-701.801875
1240,335502.5,-838.75625
1241,404739.34,-1011.8483500000001
1242,1006974.75,-1006.97475
1243,503945.9,-503.94590000000005
1244,252193.44,-252.19344
1245,126130.125,-126.130125
