rank,global_idx,run_id,step_idx,phase,sigma_0,eps_delta,e_s,sigma_delta,eps_total,param.e0,param.c_c,param.c_s,param.sigma_prime_p,param.sigma_max,param.sigma_min,param.eps_delta,param.eps_0
0,110,2,28,compression,-196.73925087119082,-0.0005,78695.70034847633,-32.789875145198465,-0.014000000000000009,1.0,0.005,0.002,-1.1934826888140408,-1025.4502193821295,-107.86092807054452,-0.0005,0.0
1,493,11,37,compression,-1079.7865957673555,-0.0005,431914.6383069422,-179.9644326278926,-0.018500000000000013,1.0,0.005,0.002,-1.2694974363017724,-1080.7783132943705,-102.68320170664408,-0.0005,0.0
2,284,6,35,compression,-636.155230803493,-0.0005,254462.0923213972,-106.02587180058218,-0.017500000000000012,1.0,0.005,0.002,-1.077009392759081,-970.6283945879625,-91.77287239102952,-0.0005,0.0
3,903,21,32,compression,-416.118323484859,-0.0005,166447.3293939436,-69.35305391414317,-0.01600000000000001,1.0,0.005,0.002,-1.2173542227104743,-1002.2435202979243,-108.6028520683887,-0.0005,0.0
4,243,5,36,compression,-853.3344225256658,-0.0005,341333.7690102663,-142.22240375427765,-0.018000000000000013,1.0,0.005,0.002,-1.2039110682990417,-1048.8158989683548,-98.18194296469177,-0.0005,0.0
5,579,14,0,compression,-0.8078584809287921,-0.0005,323.1433923715168,0.0,0.0,1.0,0.005,0.002,-0.8078584809287921,-1076.244578140342,-102.49956488603401,-0.0005,0.0
6,1154,27,33,compression,-525.9983382956655,-0.0005,210399.33531826618,-87.66638971594423,-0.01650000000000001,1.0,0.005,0.002,-1.2823401865211306,-1038.708666341519,-94.35772627567155,-0.0005,0.0
7,445,10,31,compression,-306.1779961340227,-0.0005,122471.19845360907,-51.02966602233712,-0.01550000000000001,1.0,0.005,0.002,-1.0748685326999676,-1055.3880029173254,-107.32025736401242,-0.0005,0.0
8,202,4,36,compression,-971.5461607804344,-0.0005,388618.4643121738,-161.9243601300724,-0.018000000000000013,1.0,0.005,0.002,-1.3706879102159095,-1061.2270902191378,-93.72344659689958,-0.0005,0.0
9,991,23,37,compression,-745.1301307113281,-0.0005,298052.05228453124,-124.18835511855468,-0.018500000000000013,1.0,0.005,0.002,-0.8760442057321498,-979.7775332639776,-96.82653292689756,-0.0005,0.0
10,355,8,23,compression,-98.59282219209081,-0.0005,39437.12887683632,-16.432137032015135,-0.011500000000000007,1.0,0.005,0.002,-1.4882525633728845,-1063.6892125274542,-102.10662837402795,-0.0005,0.0
11,825,19,37,compression,-912.0329153024818,-0.0005,364813.16612099274,-152.00548588374699,-0.018500000000000013,1.0,0.005,0.002,-1.0722706248974305,-1008.1924811237142,-107.3029155685177,-0.0005,0.0
12,656,15,33,compression,-471.0670154673977,-0.0005,188426.8061869591,-78.51116924456629,-0.01650000000000001,1.0,0.005,0.002,-1.1484221916664432,-950.5553075963044,-103.77938100353477,-0.0005,0.0
13,29,0,29,compression,-251.44469923742665,-0.0005,100577.87969497066,-41.90744987290444,-0.01450000000000001,1.0,0.005,0.002,-1.2711194063761075,-902.5446313324148,-103.62578323028967,-0.0005,0.0
14,487,11,31,compression,-361.61834616908715,-0.0005,144647.33846763487,-60.26972436151453,-0.01550000000000001,1.0,0.005,0.002,-1.2694974363017724,-1080.7783132943705,-102.68320170664408,-0.0005,0.0
15,1033,24,36,compression,-799.531556422192,-0.0005,319812.62256887683,-133.2552594036987,-0.018000000000000013,1.0,0.005,0.002,-1.1280042909579044,-1056.7605870012094,-106.98271411532475,-0.0005,0.0
16,532,12,34,compression,-579.7775300645012,-0.0005,231911.01202580048,-96.62958834408354,-0.01700000000000001,1.0,0.005,0.002,-1.1778744847570295,-956.2022712220971,-92.65950261329175,-0.0005,0.0
17,244,5,37,compression,-1024.001307030799,-0.0005,409600.52281231957,-170.66688450513314,-0.018500000000000013,1.0,0.005,0.002,-1.2039110682990417,-1048.8158989683548,-98.18194296469177,-0.0005,0.0
18,1115,26,35,compression,-688.4543753145631,-0.0005,275381.75012582523,-114.74239588576052,-0.017500000000000012,1.0,0.005,0.002,-1.1655517282524852,-906.5262606001112,-95.2084970668728,-0.0005,0.0
19,441,10,27,compression,-147.6552836294477,-0.0005,59062.11345177908,-24.60921393824129,-0.013500000000000009,1.0,0.005,0.002,-1.0748685326999676,-1055.3880029173254,-107.32025736401242,-0.0005,0.0
20,270,6,21,compression,-49.54794625739896,-0.0005,19819.178502959585,-8.257991042899828,-0.010500000000000006,1.0,0.005,0.002,-1.077009392759081,-970.6283945879625,-91.77287239102952,-0.0005,0.0
21,783,18,36,compression,-943.2210905504853,-0.0005,377288.4362201941,-157.20351509174753,-0.018000000000000013,1.0,0.005,0.002,-1.330726009394831,-973.9019036429138,-108.19707642677369,-0.0005,0.0
22,74,1,33,compression,-388.8630425456731,-0.0005,155545.21701826924,-64.81050709094552,-0.01650000000000001,1.0,0.005,0.002,-0.9480157449259797,-926.0206976607568,-102.17830386921612,-0.0005,0.0
23,904,21,33,compression,-499.3419881818308,-0.0005,199736.79527273233,-83.22366469697181,-0.01650000000000001,1.0,0.005,0.002,-1.2173542227104743,-1002.2435202979243,-108.6028520683887,-0.0005,0.0
24,1194,28,32,compression,-279.5619104793498,-0.0005,111824.76419173993,-46.593651746558315,-0.01600000000000001,1.0,0.005,0.002,-0.8178584143589804,-977.1062785854151,-104.86705498970387,-0.0005,0.0
25,1116,26,36,compression,-826.1452503774757,-0.0005,330458.1001509903,-137.69087506291262,-0.018000000000000013,1.0,0.005,0.002,-1.1655517282524852,-906.5262606001112,-95.2084970668728,-0.0005,0.0
26,71,1,30,compression,-225.03648295467195,-0.0005,90014.59318186878,-37.50608049244533,-0.01500000000000001,1.0,0.005,0.002,-0.9480157449259797,-926.0206976607568,-102.17830386921612,-0.0005,0.0
27,1195,28,33,compression,-335.4742925752198,-0.0005,134189.71703008792,-55.912382095869965,-0.01650000000000001,1.0,0.005,0.002,-0.8178584143589804,-977.1062785854151,-104.86705498970387,-0.0005,0.0
28,906,21,35,compression,-719.0524629818364,-0.0005,287620.9851927345,-119.84207716363937,-0.017500000000000012,1.0,0.005,0.002,-1.2173542227104743,-1002.2435202979243,-108.6028520683887,-0.0005,0.0
29,367,8,35,compression,-879.0635061417248,-0.0005,351625.4024566899,-146.51058435695415,-0.017500000000000012,1.0,0.005,0.002,-1.4882525633728845,-1063.6892125274542,-102.10662837402795,-0.0005,0.0
30,365,8,33,compression,-610.4607681539756,-0.0005,244184.3072615902,-101.7434613589959,-0.01650000000000001,1.0,0.005,0.002,-1.4882525633728845,-1063.6892125274542,-102.10662837402795,-0.0005,0.0
31,282,6,33,compression,-441.7744658357591,-0.0005,176709.78633430364,-73.62907763929319,-0.01650000000000001,1.0,0.005,0.002,-1.077009392759081,-970.6283945879625,-91.77287239102952,-0.0005,0.0
32,368,8,36,compression,-1054.8762073700698,-0.0005,421950.4829480279,-175.812701228345,-0.018000000000000013,1.0,0.005,0.002,-1.4882525633728845,-1063.6892125274542,-102.10662837402795,-0.0005,0.0
33,1031,24,34,compression,-555.2302475154111,-0.0005,222092.0990061644,-92.53837458590185,-0.01700000000000001,1.0,0.005,0.002,-1.1280042909579044,-1056.7605870012094,-106.98271411532475,-0.0005,0.0
34,440,10,26,compression,-123.04606969120641,-0.0005,49218.427876482565,-20.507678281867733,-0.013000000000000008,1.0,0.005,0.002,-1.0748685326999676,-1055.3880029173254,-107.32025736401242,-0.0005,0.0
35,59,1,18,compression,-25.239339132691065,-0.0005,10095.735653076426,-4.206556522115178,-0.009000000000000005,1.0,0.005,0.002,-0.9480157449259797,-926.0206976607568,-102.17830386921612,-0.0005,0.0
36,769,18,22,compression,-73.46425155447147,-0.0005,29385.70062178859,-12.244041925745247,-0.011000000000000006,1.0,0.005,0.002,-1.330726009394831,-973.9019036429138,-108.19707642677369,-0.0005,0.0
37,983,23,29,compression,-173.29345356862075,-0.0005,69317.3814274483,-28.88224226143679,-0.01450000000000001,1.0,0.005,0.002,-0.8760442057321498,-979.7775332639776,-96.82653292689756,-0.0005,0.0
38,1032,24,35,compression,-666.2762970184933,-0.0005,266510.51880739734,-111.0460495030822,-0.017500000000000012,1.0,0.005,0.002,-1.1280042909579044,-1056.7605870012094,-106.98271411532475,-0.0005,0.0
39,865,20,35,compression,-779.8673370601559,-0.0005,311946.9348240624,-129.977889510026,-0.017500000000000012,1.0,0.005,0.002,-1.320313669446586,-1087.025355924156,-102.55356074784292,-0.0005,0.0
40,161,3,37,compression,-990.6704209237247,-0.0005,396268.1683694899,-165.1117368206208,-0.018500000000000013,1.0,0.005,0.002,-1.164724182086098,-1051.7295709830635,-104.8570950289774,-0.0005,0.0
41,450,10,36,compression,-761.8688313402114,-0.0005,304747.53253608453,-126.97813855670188,-0.018000000000000013,1.0,0.005,0.002,-1.0748685326999676,-1055.3880029173254,-107.32025736401242,-0.0005,0.0
42,700,16,37,compression,-1007.9732596330036,-0.0005,403189.30385320145,-167.9955432721673,-0.018500000000000013,1.0,0.005,0.002,-1.1850670067407807,-1044.7681294798706,-101.01669674597854,-0.0005,0.0
43,992,23,38,compression,-894.1561568535938,-0.0005,357662.4627414375,-149.02602614226566,-0.019000000000000013,1.0,0.005,0.002,-0.8760442057321498,-979.7775332639776,-96.82653292689756,-0.0005,0.0
44,1028,24,31,compression,-321.3138006454925,-0.0005,128525.52025819701,-53.552300107582084,-0.01550000000000001,1.0,0.005,0.002,-1.1280042909579044,-1056.7605870012094,-106.98271411532475,-0.0005,0.0
45,117,2,35,compression,-704.9523063280342,-0.0005,281980.92253121367,-117.49205105467234,-0.017500000000000012,1.0,0.005,0.002,-1.1934826888140408,-1025.4502193821295,-107.86092807054452,-0.0005,0.0
46,864,20,34,compression,-649.88944755013,-0.0005,259955.77902005197,-108.31490792502166,-0.01700000000000001,1.0,0.005,0.002,-1.320313669446586,-1087.025355924156,-102.55356074784292,-0.0005,0.0
47,863,20,33,compression,-541.5745396251083,-0.0005,216629.81585004332,-90.26242327085136,-0.01650000000000001,1.0,0.005,0.002,-1.320313669446586,-1087.025355924156,-102.55356074784292,-0.0005,0.0
48,1149,27,28,compression,-211.38693507895505,-0.0005,84554.77403158203,-35.231155846492506,-0.014000000000000009,1.0,0.005,0.002,-1.2823401865211306,-1038.708666341519,-94.35772627567155,-0.0005,0.0
49,1196,28,34,compression,-402.56915109026374,-0.0005,161027.6604361055,-67.09485851504397,-0.01700000000000001,1.0,0.005,0.002,-0.8178584143589804,-977.1062785854151,-104.86705498970387,-0.0005,0.0
50,699,16,36,compression,-839.9777163608363,-0.0005,335991.08654433454,-139.99628606013937,-0.018000000000000013,1.0,0.005,0.002,-1.1850670067407807,-1044.7681294798706,-101.01669674597854,-0.0005,0.0
51,696,16,33,compression,-486.0982154865951,-0.0005,194439.28619463806,-81.01636924776585,-0.01650000000000001,1.0,0.005,0.002,-1.1850670067407807,-1044.7681294798706,-101.01669674597854,-0.0005,0.0
52,236,5,29,compression,-238.1499762796412,-0.0005,95259.99051185648,-39.69166271327353,-0.01450000000000001,1.0,0.005,0.002,-1.2039110682990417,-1048.8158989683548,-98.18194296469177,-0.0005,0.0
53,779,18,32,compression,-454.871282094177,-0.0005,181948.5128376708,-75.81188034902951,-0.01600000000000001,1.0,0.005,0.002,-1.330726009394831,-973.9019036429138,-108.19707642677369,-0.0005,0.0
54,241,5,34,compression,-592.5933489761568,-0.0005,237037.3395904627,-98.76555816269281,-0.01700000000000001,1.0,0.005,0.002,-1.2039110682990417,-1048.8158989683548,-98.18194296469177,-0.0005,0.0
55,861,20,31,compression,-376.0934302952141,-0.0005,150437.37211808562,-62.68223838253569,-0.01550000000000001,1.0,0.005,0.002,-1.320313669446586,-1087.025355924156,-102.55356074784292,-0.0005,0.0
56,404,9,31,compression,-348.85274174744615,-0.0005,139541.09669897845,-58.14212362457436,-0.01550000000000001,1.0,0.005,0.002,-1.2246825029395731,-976.6544111185998,-100.95466942345708,-0.0005,0.0
57,366,8,34,compression,-732.5529217847707,-0.0005,293021.1687139083,-122.09215363079511,-0.01700000000000001,1.0,0.005,0.002,-1.4882525633728845,-1063.6892125274542,-102.10662837402795,-0.0005,0.0
58,1107,26,27,compression,-160.11248425667011,-0.0005,64044.99370266805,-26.68541404277836,-0.013500000000000009,1.0,0.005,0.002,-1.1655517282524852,-906.5262606001112,-95.2084970668728,-0.0005,0.0
59,884,21,13,compression,-13.024863036954235,-0.0005,5209.945214781694,-2.1708105061590395,-0.006500000000000002,1.0,0.005,0.002,-1.2173542227104743,-1002.2435202979243,-108.6028520683887,-0.0005,0.0
60,315,7,24,compression,-110.88663217292705,-0.0005,44354.65286917082,-18.4811053621545,-0.012000000000000007,1.0,0.005,0.002,-1.3948557216266222,-1025.7225743115207,-104.30758724978375,-0.0005,0.0
61,273,6,24,compression,-85.61885113278541,-0.0005,34247.54045311416,-14.269808522130901,-0.012000000000000007,1.0,0.005,0.002,-1.077009392759081,-970.6283945879625,-91.77287239102952,-0.0005,0.0
62,659,15,36,compression,-814.0038027276632,-0.0005,325601.5210910653,-135.66730045461054,-0.018000000000000013,1.0,0.005,0.002,-1.1484221916664432,-950.5553075963044,-103.77938100353477,-0.0005,0.0
63,1034,24,37,compression,-959.4378677066304,-0.0005,383775.14708265214,-159.90631128443843,-0.018500000000000013,1.0,0.005,0.002,-1.1280042909579044,-1056.7605870012094,-106.98271411532475,-0.0005,0.0
64,1099,26,19,compression,-37.23704654085324,-0.0005,14894.818616341297,-6.206174423475541,-0.009500000000000005,1.0,0.005,0.002,-1.1655517282524852,-906.5262606001112,-95.2084970668728,-0.0005,0.0
65,689,16,26,compression,-135.66109069533837,-0.0005,54264.43627813535,-22.6101817825564,-0.013000000000000008,1.0,0.005,0.002,-1.1850670067407807,-1044.7681294798706,-101.01669674597854,-0.0005,0.0
66,1027,24,30,compression,-267.7615005379104,-0.0005,107104.60021516417,-44.626916756318415,-0.01500000000000001,1.0,0.005,0.002,-1.1280042909579044,-1056.7605870012094,-106.98271411532475,-0.0005,0.0
67,361,8,29,compression,-294.39658958042804,-0.0005,117758.63583217122,-49.066098263404676,-0.01450000000000001,1.0,0.005,0.002,-1.4882525633728845,-1063.6892125274542,-102.10662837402795,-0.0005,0.0
68,768,18,21,compression,-61.22020962872623,-0.0005,24488.083851490494,-10.203368271454373,-0.010500000000000006,1.0,0.005,0.002,-1.330726009394831,-973.9019036429138,-108.19707642677369,-0.0005,0.0
69,490,11,34,compression,-624.8765021801827,-0.0005,249950.60087207306,-104.14608369669713,-0.01700000000000001,1.0,0.005,0.002,-1.2694974363017724,-1080.7783132943705,-102.68320170664408,-0.0005,0.0
70,574,13,35,compression,-864.5699725760101,-0.0005,345827.989030404,-144.09499542933503,-0.017500000000000012,1.0,0.005,0.002,-1.4637150432383281,-908.7808178668201,-95.59797149569265,-0.0005,0.0
71,1025,24,28,compression,-185.94548648466002,-0.0005,74378.19459386401,-30.990914414110005,-0.014000000000000009,1.0,0.005,0.002,-1.1280042909579044,-1056.7605870012094,-106.98271411532475,-0.0005,0.0
72,988,23,34,compression,-431.2095663838704,-0.0005,172483.82655354816,-71.8682610639784,-0.01700000000000001,1.0,0.005,0.002,-0.8760442057321498,-979.7775332639776,-96.82653292689756,-0.0005,0.0
73,658,15,35,compression,-678.3365022730527,-0.0005,271334.6009092211,-113.05608371217545,-0.017500000000000012,1.0,0.005,0.002,-1.1484221916664432,-950.5553075963044,-103.77938100353477,-0.0005,0.0
74,657,15,34,compression,-565.2804185608773,-0.0005,226112.1674243509,-94.21340309347954,-0.01700000000000001,1.0,0.005,0.002,-1.1484221916664432,-950.5553075963044,-103.77938100353477,-0.0005,0.0
75,364,8,32,compression,-508.71730679497966,-0.0005,203486.92271799187,-84.78621779916328,-0.01600000000000001,1.0,0.005,0.002,-1.4882525633728845,-1063.6892125274542,-102.10662837402795,-0.0005,0.0
76,989,23,35,compression,-517.4514796606445,-0.0005,206980.59186425782,-86.24191327677408,-0.017500000000000012,1.0,0.005,0.002,-0.8760442057321498,-979.7775332639776,-96.82653292689756,-0.0005,0.0
77,1030,24,33,compression,-462.69187292950926,-0.0005,185076.7491718037,-77.11531215491821,-0.01650000000000001,1.0,0.005,0.002,-1.1280042909579044,-1056.7605870012094,-106.98271411532475,-0.0005,0.0
78,572,13,33,compression,-600.3958142888958,-0.0005,240158.32571555834,-100.06596904814931,-0.01650000000000001,1.0,0.005,0.002,-1.4637150432383281,-908.7808178668201,-95.59797149569265,-0.0005,0.0
79,866,20,36,compression,-935.8408044721872,-0.0005,374336.32178887486,-155.97346741203123,-0.018000000000000013,1.0,0.005,0.002,-1.320313669446586,-1087.025355924156,-102.55356074784292,-0.0005,0.0
80,533,12,35,compression,-695.7330360774015,-0.0005,278293.2144309606,-115.95550601290023,-0.017500000000000012,1.0,0.005,0.002,-1.1778744847570295,-956.2022712220971,-92.65950261329175,-0.0005,0.0
81,363,8,31,compression,-423.93108899581637,-0.0005,169572.43559832656,-70.65518149930273,-0.01550000000000001,1.0,0.005,0.002,-1.4882525633728845,-1063.6892125274542,-102.10662837402795,-0.0005,0.0
82,860,20,30,compression,-313.4111919126784,-0.0005,125364.47676507136,-52.23519865211307,-0.01500000000000001,1.0,0.005,0.002,-1.320313669446586,-1087.025355924156,-102.55356074784292,-0.0005,0.0
83,615,14,36,compression,-572.6116060049357,-0.0005,229044.64240197427,-95.43526766748927,-0.018000000000000013,1.0,0.005,0.002,-0.8078584809287921,-1076.244578140342,-102.49956488603401,-0.0005,0.0
84,119,2,37,compression,-1015.1313211123693,-0.0005,406052.52844494773,-169.1885535187282,-0.018500000000000013,1.0,0.005,0.002,-1.1934826888140408,-1025.4502193821295,-107.86092807054452,-0.0005,0.0
85,1113,26,33,compression,-478.0933161906688,-0.0005,191237.32647626754,-79.68221936511145,-0.01650000000000001,1.0,0.005,0.002,-1.1655517282524852,-906.5262606001112,-95.2084970668728,-0.0005,0.0
86,359,8,27,compression,-204.44207609751948,-0.0005,81776.83043900778,-34.073679349586584,-0.013500000000000009,1.0,0.005,0.002,-1.4882525633728845,-1063.6892125274542,-102.10662837402795,-0.0005,0.0
87,36,0,36,compression,-900.971818569322,-0.0005,360388.72742772877,-150.16196976155368,-0.018000000000000013,1.0,0.005,0.002,-1.2711194063761075,-902.5446313324148,-103.62578323028967,-0.0005,0.0
88,78,1,37,compression,-806.3464050227078,-0.0005,322538.5620090831,-134.39106750378465,-0.018500000000000013,1.0,0.005,0.002,-0.9480157449259797,-926.0206976607568,-102.17830386921612,-0.0005,0.0
89,859,20,29,compression,-261.17599326056535,-0.0005,104470.39730422614,-43.52933221009423,-0.01450000000000001,1.0,0.005,0.002,-1.320313669446586,-1087.025355924156,-102.55356074784292,-0.0005,0.0
90,281,6,32,compression,-368.1453881964659,-0.0005,147258.15527858635,-61.35756469941098,-0.01600000000000001,1.0,0.005,0.002,-1.077009392759081,-970.6283945879625,-91.77287239102952,-0.0005,0.0
91,944,22,33,compression,-409.78507570881254,-0.0005,163914.030283525,-68.29751261813541,-0.01650000000000001,1.0,0.005,0.002,-0.9990219210970926,-1036.2132785741792,-104.36392754853118,-0.0005,0.0
92,858,20,28,compression,-217.64666105047112,-0.0005,87058.66442018845,-36.27444350841185,-0.014000000000000009,1.0,0.005,0.002,-1.320313669446586,-1087.025355924156,-102.55356074784292,-0.0005,0.0
93,237,5,30,compression,-285.7799715355695,-0.0005,114311.98861422778,-47.62999525592824,-0.01500000000000001,1.0,0.005,0.002,-1.2039110682990417,-1048.8158989683548,-98.18194296469177,-0.0005,0.0
94,314,7,23,compression,-92.40552681077254,-0.0005,36962.210724309014,-15.40092113512876,-0.011500000000000007,1.0,0.005,0.002,-1.3948557216266222,-1025.7225743115207,-104.30758724978375,-0.0005,0.0
95,242,5,35,compression,-711.1120187713882,-0.0005,284444.8075085553,-118.51866979523139,-0.017500000000000012,1.0,0.005,0.002,-1.2039110682990417,-1048.8158989683548,-98.18194296469177,-0.0005,0.0
96,782,18,35,compression,-786.0175754587377,-0.0005,314407.0301834951,-131.00292924312296,-0.017500000000000012,1.0,0.005,0.002,-1.330726009394831,-973.9019036429138,-108.19707642677369,-0.0005,0.0
97,560,13,21,compression,-67.33838607732756,-0.0005,26935.354430931024,-11.22306434622126,-0.010500000000000006,1.0,0.005,0.002,-1.4637150432383281,-908.7808178668201,-95.59797149569265,-0.0005,0.0
98,360,8,28,compression,-245.33049131702336,-0.0005,98132.19652680935,-40.8884152195039,-0.014000000000000009,1.0,0.005,0.002,-1.4882525633728845,-1063.6892125274542,-102.10662837402795,-0.0005,0.0
99,346,8,14,compression,-19.107949460266248,-0.0005,7643.179784106499,-3.184658243377708,-0.007000000000000003,1.0,0.005,0.002,-1.4882525633728845,-1063.6892125274542,-102.10662837402795,-0.0005,0.0
100,1023,24,26,compression,-129.1288100587917,-0.0005,51651.52402351667,-21.521468343131946,-0.013000000000000008,1.0,0.005,0.002,-1.1280042909579044,-1056.7605870012094,-106.98271411532475,-0.0005,0.0
101,898,21,27,compression,-167.22862151365536,-0.0005,66891.44860546214,-27.87143691894256,-0.013500000000000009,1.0,0.005,0.002,-1.2173542227104743,-1002.2435202979243,-108.6028520683887,-0.0005,0.0
102,756,18,9,compression,-6.866253917170817,-0.0005,2746.501566868327,-1.144375652861803,-0.0045000000000000005,1.0,0.005,0.002,-1.330726009394831,-973.9019036429138,-108.19707642677369,-0.0005,0.0
103,943,22,32,compression,-341.48756309067716,-0.0005,136595.02523627086,-56.914593848446195,-0.01600000000000001,1.0,0.005,0.002,-0.9990219210970926,-1036.2132785741792,-104.36392754853118,-0.0005,0.0
104,1017,24,20,compression,-43.244977219834965,-0.0005,17297.990887933986,-7.207496203305827,-0.010000000000000005,1.0,0.005,0.002,-1.1280042909579044,-1056.7605870012094,-106.98271411532475,-0.0005,0.0
105,118,2,36,compression,-845.9427675936411,-0.0005,338377.1070374564,-140.99046126560685,-0.018000000000000013,1.0,0.005,0.002,-1.1934826888140408,-1025.4502193821295,-107.86092807054452,-0.0005,0.0
106,935,22,24,compression,-79.4190930142936,-0.0005,31767.637205717438,-13.236515502382268,-0.012000000000000007,1.0,0.005,0.002,-0.9990219210970926,-1036.2132785741792,-104.36392754853118,-0.0005,0.0
107,398,9,25,compression,-116.83007737062428,-0.0005,46732.03094824971,-19.471679561770713,-0.012500000000000008,1.0,0.005,0.002,-1.2246825029395731,-976.6544111185998,-100.95466942345708,-0.0005,0.0
108,854,20,24,compression,-104.96077404054358,-0.0005,41984.30961621743,-17.493462340090595,-0.012000000000000007,1.0,0.005,0.002,-1.320313669446586,-1087.025355924156,-102.55356074784292,-0.0005,0.0
109,1182,28,20,compression,-31.354728684559902,-0.0005,12541.89147382396,-5.225788114093318,-0.010000000000000005,1.0,0.005,0.002,-0.8178584143589804,-977.1062785854151,-104.86705498970387,-0.0005,0.0
110,228,5,21,compression,-55.386073057314796,-0.0005,22154.42922292592,-9.231012176219132,-0.010500000000000006,1.0,0.005,0.002,-1.2039110682990417,-1048.8158989683548,-98.18194296469177,-0.0005,0.0
111,654,15,31,compression,-327.1298718523595,-0.0005,130851.9487409438,-54.52164530872657,-0.01550000000000001,1.0,0.005,0.002,-1.1484221916664432,-950.5553075963044,-103.77938100353477,-0.0005,0.0
112,357,8,25,compression,-141.97366395661075,-0.0005,56789.4655826443,-23.66227732610179,-0.012500000000000008,1.0,0.005,0.002,-1.4882525633728845,-1063.6892125274542,-102.10662837402795,-0.0005,0.0
113,35,0,35,compression,-750.8098488077683,-0.0005,300323.9395231073,-125.13497480129473,-0.017500000000000012,1.0,0.005,0.002,-1.2711194063761075,-902.5446313324148,-103.62578323028967,-0.0005,0.0
114,77,1,36,compression,-671.9553375189232,-0.0005,268782.1350075693,-111.99255625315385,-0.018000000000000013,1.0,0.005,0.002,-0.9480157449259797,-926.0206976607568,-102.17830386921612,-0.0005,0.0
115,945,22,34,compression,-491.74209085057504,-0.0005,196696.83634023002,-81.9570151417625,-0.01700000000000001,1.0,0.005,0.002,-0.9990219210970926,-1036.2132785741792,-104.36392754853118,-0.0005,0.0
116,1109,26,29,compression,-230.56197732960496,-0.0005,92224.79093184198,-38.42699622160083,-0.01450000000000001,1.0,0.005,0.002,-1.1655517282524852,-906.5262606001112,-95.2084970668728,-0.0005,0.0
117,322,7,31,compression,-397.3268513786945,-0.0005,158930.74055147782,-66.22114189644908,-0.01550000000000001,1.0,0.005,0.002,-1.3948557216266222,-1025.7225743115207,-104.30758724978375,-0.0005,0.0
118,1200,28,38,compression,-834.7673917007709,-0.0005,333906.9566803083,-139.12789861679516,-0.019000000000000013,1.0,0.005,0.002,-0.8178584143589804,-977.1062785854151,-104.86705498970387,-0.0005,0.0
119,1024,24,27,compression,-154.95457207055003,-0.0005,61981.82882822001,-25.82576201175834,-0.013500000000000009,1.0,0.005,0.002,-1.1280042909579044,-1056.7605870012094,-106.98271411532475,-0.0005,0.0
120,116,2,34,compression,-587.4602552733618,-0.0005,234984.1021093447,-97.91004254556032,-0.01700000000000001,1.0,0.005,0.002,-1.1934826888140408,-1025.4502193821295,-107.86092807054452,-0.0005,0.0
121,318,7,27,compression,-191.61210039481796,-0.0005,76644.84015792719,-31.93535006580299,-0.013500000000000009,1.0,0.005,0.002,-1.3948557216266222,-1025.7225743115207,-104.30758724978375,-0.0005,0.0
122,781,18,34,compression,-655.0146462156148,-0.0005,262005.8584862459,-109.16910770260245,-0.01700000000000001,1.0,0.005,0.002,-1.330726009394831,-973.9019036429138,-108.19707642677369,-0.0005,0.0
123,986,23,32,compression,-299.4510877665767,-0.0005,119780.43510663067,-49.90851462776278,-0.01600000000000001,1.0,0.005,0.002,-0.8760442057321498,-979.7775332639776,-96.82653292689756,-0.0005,0.0
124,1155,27,34,compression,-631.1980059547985,-0.0005,252479.2023819194,-105.19966765913308,-0.01700000000000001,1.0,0.005,0.002,-1.2823401865211306,-1038.708666341519,-94.35772627567155,-0.0005,0.0
125,653,15,30,compression,-272.6082265436329,-0.0005,109043.29061745315,-45.434704423938825,-0.01500000000000001,1.0,0.005,0.002,-1.1484221916664432,-950.5553075963044,-103.77938100353477,-0.0005,0.0
126,76,1,35,compression,-559.9627812657693,-0.0005,223985.11250630772,-93.32713021096154,-0.017500000000000012,1.0,0.005,0.002,-0.9480157449259797,-926.0206976607568,-102.17830386921612,-0.0005,0.0
127,857,20,27,compression,-181.37221754205927,-0.0005,72548.8870168237,-30.22870292367655,-0.013500000000000009,1.0,0.005,0.002,-1.320313669446586,-1087.025355924156,-102.55356074784292,-0.0005,0.0
128,1239,29,35,compression,-700.1878610005513,-0.0005,280075.1444002205,-116.69797683342523,-0.017500000000000012,1.0,0.005,0.002,-1.1854164934571227,-1068.4615996240832,-101.31586211470209,-0.0005,0.0
129,1156,27,35,compression,-757.4376071457582,-0.0005,302975.0428583033,-126.23960119095972,-0.017500000000000012,1.0,0.005,0.002,-1.2823401865211306,-1038.708666341519,-94.35772627567155,-0.0005,0.0
130,362,8,30,compression,-353.27590749651364,-0.0005,141310.36299860544,-58.87931791608562,-0.01500000000000001,1.0,0.005,0.002,-1.4882525633728845,-1063.6892125274542,-102.10662837402795,-0.0005,0.0
131,408,9,35,compression,-723.3810452875043,-0.0005,289352.41811500175,-120.56350754791737,-0.017500000000000012,1.0,0.005,0.002,-1.2246825029395731,-976.6544111185998,-100.95466942345708,-0.0005,0.0
132,949,22,38,compression,-1019.6763995877526,-0.0005,407870.559835101,-169.94606659795875,-0.019000000000000013,1.0,0.005,0.002,-0.9990219210970926,-1036.2132785741792,-104.36392754853118,-0.0005,0.0
133,780,18,33,compression,-545.8455385130123,-0.0005,218338.21540520494,-90.97425641883541,-0.01650000000000001,1.0,0.005,0.002,-1.330726009394831,-973.9019036429138,-108.19707642677369,-0.0005,0.0
134,279,6,30,compression,-255.65651958087906,-0.0005,102262.60783235163,-42.609419930146515,-0.01500000000000001,1.0,0.005,0.002,-1.077009392759081,-970.6283945879625,-91.77287239102952,-0.0005,0.0
135,283,6,34,compression,-530.1293590029109,-0.0005,212051.74360116434,-88.35489316715183,-0.01700000000000001,1.0,0.005,0.002,-1.077009392759081,-970.6283945879625,-91.77287239102952,-0.0005,0.0
136,612,14,33,compression,-331.37245717878227,-0.0005,132548.9828715129,-55.22874286313039,-0.01650000000000001,1.0,0.005,0.002,-0.8078584809287921,-1076.244578140342,-102.49956488603401,-0.0005,0.0
137,286,6,37,compression,-916.06353235703,-0.0005,366425.412942812,-152.67725539283833,-0.018500000000000013,1.0,0.005,0.002,-1.077009392759081,-970.6283945879625,-91.77287239102952,-0.0005,0.0
138,33,0,33,compression,-521.395728338728,-0.0005,208558.29133549117,-86.89928805645467,-0.01650000000000001,1.0,0.005,0.002,-1.2711194063761075,-902.5446313324148,-103.62578323028967,-0.0005,0.0
139,75,1,34,compression,-466.63565105480774,-0.0005,186654.2604219231,-77.77260850913461,-0.01700000000000001,1.0,0.005,0.002,-0.9480157449259797,-926.0206976607568,-102.17830386921612,-0.0005,0.0
140,990,23,36,compression,-620.9417755927734,-0.0005,248376.71023710936,-103.49029593212893,-0.018000000000000013,1.0,0.005,0.002,-0.8760442057321498,-979.7775332639776,-96.82653292689756,-0.0005,0.0
141,442,10,28,compression,-177.18634035533722,-0.0005,70874.5361421349,-29.53105672588954,-0.014000000000000009,1.0,0.005,0.002,-1.0748685326999676,-1055.3880029173254,-107.32025736401242,-0.0005,0.0
142,741,17,36,compression,-810.1734393817298,-0.0005,324069.37575269194,-135.02890656362166,-0.018000000000000013,1.0,0.005,0.002,-1.1430181944690403,-986.9944120470951,-95.9161856981592,-0.0005,0.0
143,899,21,28,compression,-200.67434581638645,-0.0005,80269.73832655458,-33.44572430273108,-0.014000000000000009,1.0,0.005,0.002,-1.2173542227104743,-1002.2435202979243,-108.6028520683887,-0.0005,0.0
144,568,13,29,compression,-289.5427345143209,-0.0005,115817.09380572836,-48.257122419053495,-0.01450000000000001,1.0,0.005,0.002,-1.4637150432383281,-908.7808178668201,-95.59797149569265,-0.0005,0.0
145,692,16,29,compression,-234.4223647215447,-0.0005,93768.94588861789,-39.070394120257454,-0.01450000000000001,1.0,0.005,0.002,-1.1850670067407807,-1044.7681294798706,-101.01669674597854,-0.0005,0.0
146,1238,29,34,compression,-583.4898841671261,-0.0005,233395.95366685043,-97.24831402785435,-0.01700000000000001,1.0,0.005,0.002,-1.1854164934571227,-1068.4615996240832,-101.31586211470209,-0.0005,0.0
147,655,15,32,compression,-392.5558462228314,-0.0005,157022.33848913255,-65.4259743704719,-0.01600000000000001,1.0,0.005,0.002,-1.1484221916664432,-950.5553075963044,-103.77938100353477,-0.0005,0.0
148,948,22,37,compression,-849.7303329897939,-0.0005,339892.13319591753,-141.62172216496566,-0.018500000000000013,1.0,0.005,0.002,-0.9990219210970926,-1036.2132785741792,-104.36392754853118,-0.0005,0.0
149,862,20,32,compression,-451.3121163542569,-0.0005,180524.84654170275,-75.21868605904282,-0.01600000000000001,1.0,0.005,0.002,-1.320313669446586,-1087.025355924156,-102.55356074784292,-0.0005,0.0
150,856,20,26,compression,-151.14351461838274,-0.0005,60457.4058473531,-25.190585769730454,-0.013000000000000008,1.0,0.005,0.002,-1.320313669446586,-1087.025355924156,-102.55356074784292,-0.0005,0.0
151,409,9,36,compression,-868.0572543450053,-0.0005,347222.9017380021,-144.6762090575009,-0.018000000000000013,1.0,0.005,0.002,-1.2246825029395731,-976.6544111185998,-100.95466942345708,-0.0005,0.0
152,1153,27,32,compression,-438.3319485797212,-0.0005,175332.77943188848,-73.05532476328688,-0.01600000000000001,1.0,0.005,0.002,-1.2823401865211306,-1038.708666341519,-94.35772627567155,-0.0005,0.0
153,984,23,30,compression,-207.9521442823449,-0.0005,83180.85771293796,-34.658690713724155,-0.01500000000000001,1.0,0.005,0.002,-0.8760442057321498,-979.7775332639776,-96.82653292689756,-0.0005,0.0
154,611,14,32,compression,-276.1437143156519,-0.0005,110457.48572626075,-46.02395238594199,-0.01600000000000001,1.0,0.005,0.002,-0.8078584809287921,-1076.244578140342,-102.49956488603401,-0.0005,0.0
155,32,0,32,compression,-434.4964402822733,-0.0005,173798.5761129093,-72.41607338037889,-0.01600000000000001,1.0,0.005,0.002,-1.2711194063761075,-902.5446313324148,-103.62578323028967,-0.0005,0.0
156,1029,24,32,compression,-385.57656077459103,-0.0005,154230.62430983642,-64.2627601290985,-0.01600000000000001,1.0,0.005,0.002,-1.1280042909579044,-1056.7605870012094,-106.98271411532475,-0.0005,0.0
157,109,2,27,compression,-163.94937572599235,-0.0005,65579.75029039694,-27.32489595433206,-0.013500000000000009,1.0,0.005,0.002,-1.1934826888140408,-1025.4502193821295,-107.86092807054452,-0.0005,0.0
158,740,17,35,compression,-675.1445328181082,-0.0005,270057.8131272433,-112.52408880301805,-0.017500000000000012,1.0,0.005,0.002,-1.1430181944690403,-986.9944120470951,-95.9161856981592,-0.0005,0.0
159,567,13,28,compression,-241.28561209526742,-0.0005,96514.24483810697,-40.21426868254457,-0.014000000000000009,1.0,0.005,0.002,-1.4637150432383281,-908.7808178668201,-95.59797149569265,-0.0005,0.0
160,1157,27,36,compression,-908.9251285749098,-0.0005,363570.0514299639,-151.4875214291516,-0.018000000000000013,1.0,0.005,0.002,-1.2823401865211306,-1038.708666341519,-94.35772627567155,-0.0005,0.0
161,928,22,17,compression,-22.16441130023179,-0.0005,8865.764520092716,-3.694068550038632,-0.008500000000000004,1.0,0.005,0.002,-0.9990219210970926,-1036.2132785741792,-104.36392754853118,-0.0005,0.0
162,146,3,22,compression,-64.29993078985618,-0.0005,25719.972315942472,-10.716655131642696,-0.011000000000000006,1.0,0.005,0.002,-1.164724182086098,-1051.7295709830635,-104.8570950289774,-0.0005,0.0
163,795,19,7,compression,-3.8421395155364744,-0.0005,1536.8558062145898,-0.6403565859227458,-0.0035,1.0,0.005,0.002,-1.0722706248974305,-1008.1924811237142,-107.3029155685177,-0.0005,0.0
164,758,18,11,compression,-9.887405640725976,-0.0005,3954.9622562903905,-1.647900940120996,-0.005500000000000001,1.0,0.005,0.002,-1.330726009394831,-973.9019036429138,-108.19707642677369,-0.0005,0.0
165,1145,27,24,compression,-101.94200187063805,-0.0005,40776.80074825522,-16.99033364510634,-0.012000000000000007,1.0,0.005,0.002,-1.2823401865211306,-1038.708666341519,-94.35772627567155,-0.0005,0.0
166,1197,28,35,compression,-483.08298130831645,-0.0005,193233.19252332658,-80.51383021805273,-0.017500000000000012,1.0,0.005,0.002,-0.8178584143589804,-977.1062785854151,-104.86705498970387,-0.0005,0.0
167,406,9,33,compression,-502.3479481163224,-0.0005,200939.17924652898,-83.72465801938708,-0.01650000000000001,1.0,0.005,0.002,-1.2246825029395731,-976.6544111185998,-100.95466942345708,-0.0005,0.0
168,947,22,36,compression,-708.1086108248281,-0.0005,283243.4443299312,-118.018101804138,-0.018000000000000013,1.0,0.005,0.002,-0.9990219210970926,-1036.2132785741792,-104.36392754853118,-0.0005,0.0
169,107,2,25,compression,-113.85373314305025,-0.0005,45541.4932572201,-18.975622190508375,-0.012500000000000008,1.0,0.005,0.002,-1.1934826888140408,-1025.4502193821295,-107.86092807054452,-0.0005,0.0
170,778,18,31,compression,-379.05940174514745,-0.0005,151623.760698059,-63.176566957524564,-0.01550000000000001,1.0,0.005,0.002,-1.330726009394831,-973.9019036429138,-108.19707642677369,-0.0005,0.0
171,17,0,17,compression,-28.201196329793426,-0.0005,11280.47853191737,-4.700199388298904,-0.008500000000000004,1.0,0.005,0.002,-1.2711194063761075,-902.5446313324148,-103.62578323028967,-0.0005,0.0
172,975,23,21,compression,-40.30251873061609,-0.0005,16121.007492246437,-6.717086455102684,-0.010500000000000006,1.0,0.005,0.002,-0.8760442057321498,-979.7775332639776,-96.82653292689756,-0.0005,0.0
173,358,8,26,compression,-170.3683967479329,-0.0005,68147.35869917316,-28.394732791322156,-0.013000000000000008,1.0,0.005,0.002,-1.4882525633728845,-1063.6892125274542,-102.10662837402795,-0.0005,0.0
174,970,23,16,compression,-16.19667837360793,-0.0005,6478.671349443172,-2.699446395601322,-0.008000000000000004,1.0,0.005,0.002,-0.8760442057321498,-979.7775332639776,-96.82653292689756,-0.0005,0.0
175,227,5,20,compression,-46.155060881095665,-0.0005,18462.024352438268,-7.692510146849278,-0.010000000000000005,1.0,0.005,0.002,-1.2039110682990417,-1048.8158989683548,-98.18194296469177,-0.0005,0.0
176,855,20,25,compression,-125.95292884865229,-0.0005,50381.17153946092,-20.99215480810871,-0.012500000000000008,1.0,0.005,0.002,-1.320313669446586,-1087.025355924156,-102.55356074784292,-0.0005,0.0
177,807,19,19,compression,-34.25690185673684,-0.0005,13702.760742694736,-5.709483642789473,-0.009500000000000005,1.0,0.005,0.002,-1.0722706248974305,-1008.1924811237142,-107.3029155685177,-0.0005,0.0
178,936,22,25,compression,-95.30291161715232,-0.0005,38121.164646860925,-15.88381860285872,-0.012500000000000008,1.0,0.005,0.002,-0.9990219210970926,-1036.2132785741792,-104.36392754853118,-0.0005,0.0
179,1152,27,31,compression,-365.2766238164343,-0.0005,146110.64952657372,-60.879437302739056,-0.01550000000000001,1.0,0.005,0.002,-1.2823401865211306,-1038.708666341519,-94.35772627567155,-0.0005,0.0
180,186,4,20,compression,-52.548884723171916,-0.0005,21019.553889268765,-8.758147453861987,-0.010000000000000005,1.0,0.005,0.002,-1.3706879102159095,-1061.2270902191378,-93.72344659689958,-0.0005,0.0
181,22,0,22,compression,-70.17360085135158,-0.0005,28069.440340540634,-11.69560014189193,-0.011000000000000006,1.0,0.005,0.002,-1.2711194063761075,-902.5446313324148,-103.62578323028967,-0.0005,0.0
182,477,11,21,compression,-58.403381781700446,-0.0005,23361.35271268018,-9.73389696361674,-0.010500000000000006,1.0,0.005,0.002,-1.2694974363017724,-1080.7783132943705,-102.68320170664408,-0.0005,0.0
183,354,8,22,compression,-82.16068516007567,-0.0005,32864.274064030265,-13.693447526679277,-0.011000000000000006,1.0,0.005,0.002,-1.4882525633728845,-1063.6892125274542,-102.10662837402795,-0.0005,0.0
184,73,1,32,compression,-324.0525354547276,-0.0005,129621.01418189105,-54.00875590912127,-0.01600000000000001,1.0,0.005,0.002,-0.9480157449259797,-926.0206976607568,-102.17830386921612,-0.0005,0.0
185,1021,24,24,compression,-89.67278476304978,-0.0005,35869.113905219914,-14.945464127174963,-0.012000000000000007,1.0,0.005,0.002,-1.1280042909579044,-1056.7605870012094,-106.98271411532475,-0.0005,0.0
186,981,23,27,compression,-120.34267608931995,-0.0005,48137.07043572798,-20.057112681553324,-0.013500000000000009,1.0,0.005,0.002,-0.8760442057321498,-979.7775332639776,-96.82653292689756,-0.0005,0.0
187,739,17,34,compression,-562.6204440150902,-0.0005,225048.1776060361,-93.77007400251506,-0.01700000000000001,1.0,0.005,0.002,-1.1430181944690403,-986.9944120470951,-95.9161856981592,-0.0005,0.0
188,1022,24,25,compression,-107.60734171565973,-0.0005,43042.93668626389,-17.934556952609952,-0.012500000000000008,1.0,0.005,0.002,-1.1280042909579044,-1056.7605870012094,-106.98271411532475,-0.0005,0.0
189,1236,29,32,compression,-405.2013084493931,-0.0005,162080.52337975724,-67.53355140823217,-0.01600000000000001,1.0,0.005,0.002,-1.1854164934571227,-1068.4615996240832,-101.31586211470209,-0.0005,0.0
190,897,21,26,compression,-139.3571845947128,-0.0005,55742.87383788512,-23.22619743245214,-0.013000000000000008,1.0,0.005,0.002,-1.2173542227104743,-1002.2435202979243,-108.6028520683887,-0.0005,0.0
191,646,15,23,compression,-76.07995291324202,-0.0005,30431.98116529681,-12.679992152207001,-0.011500000000000007,1.0,0.005,0.002,-1.1484221916664432,-950.5553075963044,-103.77938100353477,-0.0005,0.0
192,316,7,25,compression,-133.06395860751246,-0.0005,53225.58344300499,-22.17732643458541,-0.012500000000000008,1.0,0.005,0.002,-1.3948557216266222,-1025.7225743115207,-104.30758724978375,-0.0005,0.0
193,526,12,28,compression,-194.166321743352,-0.0005,77666.52869734081,-32.361053623892005,-0.014000000000000009,1.0,0.005,0.002,-1.1778744847570295,-956.2022712220971,-92.65950261329175,-0.0005,0.0
194,405,9,32,compression,-418.62329009693536,-0.0005,167449.31603877415,-69.77054834948922,-0.01600000000000001,1.0,0.005,0.002,-1.2246825029395731,-976.6544111185998,-100.95466942345708,-0.0005,0.0
195,946,22,35,compression,-590.0905090206901,-0.0005,236036.20360827603,-98.34841817011502,-0.017500000000000012,1.0,0.005,0.002,-0.9990219210970926,-1036.2132785741792,-104.36392754853118,-0.0005,0.0
196,112,2,30,compression,-283.3045212545148,-0.0005,113321.8085018059,-47.2174202090858,-0.01500000000000001,1.0,0.005,0.002,-1.1934826888140408,-1025.4502193821295,-107.86092807054452,-0.0005,0.0
197,733,17,28,compression,-188.42044833967302,-0.0005,75368.17933586921,-31.403408056612168,-0.014000000000000009,1.0,0.005,0.002,-1.1430181944690403,-986.9944120470951,-95.9161856981592,-0.0005,0.0
198,777,18,30,compression,-315.88283478762287,-0.0005,126353.13391504914,-52.64713913127049,-0.01500000000000001,1.0,0.005,0.002,-1.330726009394831,-973.9019036429138,-108.19707642677369,-0.0005,0.0
199,982,23,28,compression,-144.41121130718395,-0.0005,57764.48452287358,-24.068535217863992,-0.014000000000000009,1.0,0.005,0.002,-0.8760442057321498,-979.7775332639776,-96.82653292689756,-0.0005,0.0
200,407,9,34,compression,-602.8175377395869,-0.0005,241127.01509583477,-100.46958962326448,-0.01700000000000001,1.0,0.005,0.002,-1.2246825029395731,-976.6544111185998,-100.95466942345708,-0.0005,0.0
201,650,15,27,compression,-157.7593903608987,-0.0005,63103.756144359475,-26.29323172681645,-0.013500000000000009,1.0,0.005,0.002,-1.1484221916664432,-950.5553075963044,-103.77938100353477,-0.0005,0.0
202,30,0,30,compression,-301.733639084912,-0.0005,120693.4556339648,-50.28893984748534,-0.01500000000000001,1.0,0.005,0.002,-1.2711194063761075,-902.5446313324148,-103.62578323028967,-0.0005,0.0
203,72,1,31,compression,-270.04377954560636,-0.0005,108017.51181824254,-45.007296590934395,-0.01550000000000001,1.0,0.005,0.002,-0.9480157449259797,-926.0206976607568,-102.17830386921612,-0.0005,0.0
204,987,23,33,compression,-359.341305319892,-0.0005,143736.5221279568,-59.89021755331533,-0.01650000000000001,1.0,0.005,0.002,-0.8760442057321498,-979.7775332639776,-96.82653292689756,-0.0005,0.0
205,326,7,35,compression,-823.8969590188609,-0.0005,329558.7836075444,-137.3161598364768,-0.017500000000000012,1.0,0.005,0.002,-1.3948557216266222,-1025.7225743115207,-104.30758724978375,-0.0005,0.0
206,738,17,33,compression,-468.8503700125752,-0.0005,187540.14800503006,-78.1417283354292,-0.01650000000000001,1.0,0.005,0.002,-1.1430181944690403,-986.9944120470951,-95.9161856981592,-0.0005,0.0
207,1235,29,31,compression,-337.6677570411609,-0.0005,135067.10281646435,-56.27795950686015,-0.01550000000000001,1.0,0.005,0.002,-1.1854164934571227,-1068.4615996240832,-101.31586211470209,-0.0005,0.0
208,115,2,33,compression,-489.5502127278015,-0.0005,195820.08509112062,-81.59170212130026,-0.01650000000000001,1.0,0.005,0.002,-1.1934826888140408,-1025.4502193821295,-107.86092807054452,-0.0005,0.0
209,823,19,35,compression,-633.356191182279,-0.0005,253342.4764729116,-105.5593651970465,-0.017500000000000012,1.0,0.005,0.002,-1.0722706248974305,-1008.1924811237142,-107.3029155685177,-0.0005,0.0
210,652,15,29,compression,-227.1735221196941,-0.0005,90869.40884787764,-37.86225368661569,-0.01450000000000001,1.0,0.005,0.002,-1.1484221916664432,-950.5553075963044,-103.77938100353477,-0.0005,0.0
211,902,21,31,compression,-346.7652695707158,-0.0005,138706.10782828633,-57.79421159511929,-0.01550000000000001,1.0,0.005,0.002,-1.2173542227104743,-1002.2435202979243,-108.6028520683887,-0.0005,0.0
212,240,5,33,compression,-493.827790813464,-0.0005,197531.1163253856,-82.30463180224397,-0.01650000000000001,1.0,0.005,0.002,-1.2039110682990417,-1048.8158989683548,-98.18194296469177,-0.0005,0.0
213,776,18,29,compression,-263.2356956563524,-0.0005,105294.27826254096,-43.87261594272539,-0.01450000000000001,1.0,0.005,0.002,-1.330726009394831,-973.9019036429138,-108.19707642677369,-0.0005,0.0
214,327,7,36,compression,-988.6763508226331,-0.0005,395470.54032905324,-164.77939180377217,-0.018000000000000013,1.0,0.005,0.002,-1.3948557216266222,-1025.7225743115207,-104.30758724978375,-0.0005,0.0
215,1150,27,29,compression,-253.66432209474607,-0.0005,101465.72883789842,-42.277387015791014,-0.01450000000000001,1.0,0.005,0.002,-1.2823401865211306,-1038.708666341519,-94.35772627567155,-0.0005,0.0
216,985,23,31,compression,-249.54257313881388,-0.0005,99817.02925552556,-41.59042885646898,-0.01550000000000001,1.0,0.005,0.002,-0.8760442057321498,-979.7775332639776,-96.82653292689756,-0.0005,0.0
217,1026,24,29,compression,-223.13458378159203,-0.0005,89253.8335126368,-37.189097296932005,-0.01450000000000001,1.0,0.005,0.002,-1.1280042909579044,-1056.7605870012094,-106.98271411532475,-0.0005,0.0
218,325,7,34,compression,-686.5807991823841,-0.0005,274632.3196729536,-114.43013319706402,-0.01700000000000001,1.0,0.005,0.002,-1.3948557216266222,-1025.7225743115207,-104.30758724978375,-0.0005,0.0
219,853,20,23,compression,-87.467311700453,-0.0005,34986.9246801812,-14.577885283408833,-0.011500000000000007,1.0,0.005,0.002,-1.320313669446586,-1087.025355924156,-102.55356074784292,-0.0005,0.0
220,737,17,32,compression,-390.708641677146,-0.0005,156283.4566708584,-65.118106946191,-0.01600000000000001,1.0,0.005,0.002,-1.1430181944690403,-986.9944120470951,-95.9161856981592,-0.0005,0.0
221,824,19,36,compression,-760.0274294187348,-0.0005,304010.9717674939,-126.67123823645579,-0.018000000000000013,1.0,0.005,0.002,-1.0722706248974305,-1008.1924811237142,-107.3029155685177,-0.0005,0.0
222,1234,29,30,compression,-281.3897975343007,-0.0005,112555.9190137203,-46.89829958905012,-0.01500000000000001,1.0,0.005,0.002,-1.1854164934571227,-1068.4615996240832,-101.31586211470209,-0.0005,0.0
223,114,2,32,compression,-407.95851060650125,-0.0005,163183.4042426005,-67.99308510108355,-0.01600000000000001,1.0,0.005,0.002,-1.1934826888140408,-1025.4502193821295,-107.86092807054452,-0.0005,0.0
224,451,10,37,compression,-914.2425976082536,-0.0005,365697.0390433014,-152.3737662680423,-0.018500000000000013,1.0,0.005,0.002,-1.0748685326999676,-1055.3880029173254,-107.32025736401242,-0.0005,0.0
225,822,19,34,compression,-527.7968259852324,-0.0005,211118.73039409297,-87.9661376642054,-0.01700000000000001,1.0,0.005,0.002,-1.0722706248974305,-1008.1924811237142,-107.3029155685177,-0.0005,0.0
226,1151,27,30,compression,-304.39718651369526,-0.0005,121758.87460547811,-50.73286441894921,-0.01500000000000001,1.0,0.005,0.002,-1.2823401865211306,-1038.708666341519,-94.35772627567155,-0.0005,0.0
227,239,5,32,compression,-411.52315901122,-0.0005,164609.263604488,-68.58719316853667,-0.01600000000000001,1.0,0.005,0.002,-1.2039110682990417,-1048.8158989683548,-98.18194296469177,-0.0005,0.0
228,235,5,28,compression,-198.45831356636768,-0.0005,79383.32542654708,-33.07638559439461,-0.014000000000000009,1.0,0.005,0.002,-1.2039110682990417,-1048.8158989683548,-98.18194296469177,-0.0005,0.0
229,731,17,26,compression,-130.84753356921738,-0.0005,52339.01342768695,-21.807922261536227,-0.013000000000000008,1.0,0.005,0.002,-1.1430181944690403,-986.9944120470951,-95.9161856981592,-0.0005,0.0
230,775,18,28,compression,-219.36307971362697,-0.0005,87745.23188545079,-36.5605132856045,-0.014000000000000009,1.0,0.005,0.002,-1.330726009394831,-973.9019036429138,-108.19707642677369,-0.0005,0.0
231,907,21,36,compression,-862.8629555782036,-0.0005,345145.1822312814,-143.81049259636728,-0.018000000000000013,1.0,0.005,0.002,-1.2173542227104743,-1002.2435202979243,-108.6028520683887,-0.0005,0.0
232,525,12,27,compression,-161.80526811946,-0.0005,64722.107247784006,-26.96754468657667,-0.013500000000000009,1.0,0.005,0.002,-1.1778744847570295,-956.2022712220971,-92.65950261329175,-0.0005,0.0
233,111,2,29,compression,-236.087101045429,-0.0005,94434.8404181716,-39.34785017423816,-0.01450000000000001,1.0,0.005,0.002,-1.1934826888140408,-1025.4502193821295,-107.86092807054452,-0.0005,0.0
234,278,6,29,compression,-213.04709965073255,-0.0005,85218.83986029302,-35.50784994178876,-0.01450000000000001,1.0,0.005,0.002,-1.077009392759081,-970.6283945879625,-91.77287239102952,-0.0005,0.0
235,980,23,26,compression,-100.28556340776663,-0.0005,40114.225363106656,-16.714260567961105,-0.013000000000000008,1.0,0.005,0.002,-0.8760442057321498,-979.7775332639776,-96.82653292689756,-0.0005,0.0
236,562,13,23,compression,-96.9672759513517,-0.0005,38786.91038054068,-16.161212658558618,-0.011500000000000007,1.0,0.005,0.002,-1.4637150432383281,-908.7808178668201,-95.59797149569265,-0.0005,0.0
237,28,0,28,compression,-209.5372493645222,-0.0005,83814.89974580889,-34.92287489408703,-0.014000000000000009,1.0,0.005,0.002,-1.2711194063761075,-902.5446313324148,-103.62578323028967,-0.0005,0.0
238,56,1,15,compression,-14.60609903512214,-0.0005,5842.439614048856,-2.434349839187023,-0.007500000000000003,1.0,0.005,0.002,-0.9480157449259797,-926.0206976607568,-102.17830386921612,-0.0005,0.0
239,938,22,27,compression,-137.23619272869934,-0.0005,54894.477091479734,-22.87269878811656,-0.013500000000000009,1.0,0.005,0.002,-0.9990219210970926,-1036.2132785741792,-104.36392754853118,-0.0005,0.0
240,801,19,13,compression,-11.472567119159661,-0.0005,4589.026847663865,-1.9120945198599435,-0.006500000000000002,1.0,0.005,0.002,-1.0722706248974305,-1008.1924811237142,-107.3029155685177,-0.0005,0.0
241,736,17,31,compression,-325.59053473095497,-0.0005,130236.21389238199,-54.26508912182583,-0.01550000000000001,1.0,0.005,0.002,-1.1430181944690403,-986.9944120470951,-95.9161856981592,-0.0005,0.0
242,1137,27,16,compression,-23.7084515036282,-0.0005,9483.380601451281,-3.951408583938033,-0.008000000000000004,1.0,0.005,0.002,-1.2823401865211306,-1038.708666341519,-94.35772627567155,-0.0005,0.0
243,113,2,31,compression,-339.9654255054177,-0.0005,135986.1702021671,-56.660904250902945,-0.01550000000000001,1.0,0.005,0.002,-1.1934826888140408,-1025.4502193821295,-107.86092807054452,-0.0005,0.0
244,479,11,23,compression,-84.10086976564864,-0.0005,33640.347906259456,-14.016811627608107,-0.011500000000000007,1.0,0.005,0.002,-1.2694974363017724,-1080.7783132943705,-102.68320170664408,-0.0005,0.0
245,285,6,36,compression,-763.3862769641917,-0.0005,305354.51078567666,-127.23104616069864,-0.018000000000000013,1.0,0.005,0.002,-1.077009392759081,-970.6283945879625,-91.77287239102952,-0.0005,0.0
246,1008,24,11,compression,-8.381166303537054,-0.0005,3352.4665214148213,-1.3968610505895094,-0.005500000000000001,1.0,0.005,0.002,-1.1280042909579044,-1056.7605870012094,-106.98271411532475,-0.0005,0.0
247,1001,24,4,compression,-2.339029697730311,-0.0005,935.6118790921244,-0.3898382829550518,-0.002,1.0,0.005,0.002,-1.1280042909579044,-1056.7605870012094,-106.98271411532475,-0.0005,0.0
248,821,19,33,compression,-439.830688321027,-0.0005,175932.27532841082,-73.30511472017116,-0.01650000000000001,1.0,0.005,0.002,-1.0722706248974305,-1008.1924811237142,-107.3029155685177,-0.0005,0.0
249,64,1,23,compression,-62.80355235065782,-0.0005,25121.420940263128,-10.467258725109637,-0.011500000000000007,1.0,0.005,0.002,-0.9480157449259797,-926.0206976607568,-102.17830386921612,-0.0005,0.0
250,339,8,7,compression,-5.332678010628503,-0.0005,2133.071204251401,-0.8887796684380839,-0.0035,1.0,0.005,0.002,-1.4882525633728845,-1063.6892125274542,-102.10662837402795,-0.0005,0.0
251,356,8,24,compression,-118.31138663050896,-0.0005,47324.55465220359,-19.71856443841816,-0.012000000000000007,1.0,0.005,0.002,-1.4882525633728845,-1063.6892125274542,-102.10662837402795,-0.0005,0.0
252,523,12,25,compression,-112.36476952740279,-0.0005,44945.907810961115,-18.72746158790046,-0.012500000000000008,1.0,0.005,0.002,-1.1778744847570295,-956.2022712220971,-92.65950261329175,-0.0005,0.0
253,224,5,17,compression,-26.710104676559986,-0.0005,10684.041870623994,-4.451684112759997,-0.008500000000000004,1.0,0.005,0.002,-1.2039110682990417,-1048.8158989683548,-98.18194296469177,-0.0005,0.0
254,767,18,20,compression,-51.01684135727186,-0.0005,20406.736542908744,-8.502806892878642,-0.010000000000000005,1.0,0.005,0.002,-1.330726009394831,-973.9019036429138,-108.19707642677369,-0.0005,0.0
255,1193,28,31,compression,-232.96825873279153,-0.0005,93187.3034931166,-38.82804312213192,-0.01550000000000001,1.0,0.005,0.002,-0.8178584143589804,-977.1062785854151,-104.86705498970387,-0.0005,0.0
256,104,2,22,compression,-65.88757705037631,-0.0005,26355.030820150525,-10.981262841729382,-0.011000000000000006,1.0,0.005,0.002,-1.1934826888140408,-1025.4502193821295,-107.86092807054452,-0.0005,0.0
257,238,5,31,compression,-342.93596584268334,-0.0005,137174.38633707335,-57.15599430711389,-0.01550000000000001,1.0,0.005,0.002,-1.2039110682990417,-1048.8158989683548,-98.18194296469177,-0.0005,0.0
258,1100,26,20,compression,-44.68445584902389,-0.0005,17873.782339609555,-7.4474093081706485,-0.010000000000000005,1.0,0.005,0.002,-1.1655517282524852,-906.5262606001112,-95.2084970668728,-0.0005,0.0
259,234,5,27,compression,-165.38192797197306,-0.0005,66152.77118878922,-27.56365466199551,-0.013500000000000009,1.0,0.005,0.002,-1.2039110682990417,-1048.8158989683548,-98.18194296469177,-0.0005,0.0
260,730,17,25,compression,-109.03961130768116,-0.0005,43615.84452307246,-18.173268551280195,-0.012500000000000008,1.0,0.005,0.002,-1.1430181944690403,-986.9944120470951,-95.9161856981592,-0.0005,0.0
261,774,18,27,compression,-182.80256642802246,-0.0005,73121.02657120899,-30.46709440467041,-0.013500000000000009,1.0,0.005,0.002,-1.330726009394831,-973.9019036429138,-108.19707642677369,-0.0005,0.0
262,573,13,34,compression,-720.474977146675,-0.0005,288189.99085867,-120.07916285777918,-0.01700000000000001,1.0,0.005,0.002,-1.4637150432383281,-908.7808178668201,-95.59797149569265,-0.0005,0.0
263,638,15,15,compression,-17.693765483738648,-0.0005,7077.506193495459,-2.948960913956441,-0.007500000000000003,1.0,0.005,0.002,-1.1484221916664432,-950.5553075963044,-103.77938100353477,-0.0005,0.0
264,890,21,19,compression,-38.89203263053676,-0.0005,15556.813052214704,-6.482005438422793,-0.009500000000000005,1.0,0.005,0.002,-1.2173542227104743,-1002.2435202979243,-108.6028520683887,-0.0005,0.0
265,1187,28,25,compression,-78.0205984803641,-0.0005,31208.23939214564,-13.003433080060683,-0.012500000000000008,1.0,0.005,0.002,-0.8178584143589804,-977.1062785854151,-104.86705498970387,-0.0005,0.0
266,762,18,15,compression,-20.502524336609383,-0.0005,8201.009734643754,-3.417087389434897,-0.007500000000000003,1.0,0.005,0.002,-1.330726009394831,-973.9019036429138,-108.19707642677369,-0.0005,0.0
267,351,8,19,compression,-47.546692800969716,-0.0005,19018.677120387885,-7.92444880016162,-0.009500000000000005,1.0,0.005,0.002,-1.4882525633728845,-1063.6892125274542,-102.10662837402795,-0.0005,0.0
268,561,13,22,compression,-80.80606329279307,-0.0005,32322.425317117228,-13.467677215465512,-0.011000000000000006,1.0,0.005,0.002,-1.4637150432383281,-908.7808178668201,-95.59797149569265,-0.0005,0.0
269,352,8,20,compression,-57.05603136116366,-0.0005,22822.412544465464,-9.509338560193942,-0.010000000000000005,1.0,0.005,0.002,-1.4882525633728845,-1063.6892125274542,-102.10662837402795,-0.0005,0.0
270,1015,24,18,compression,-30.031234180440947,-0.0005,12012.493672176379,-5.005205696740157,-0.009000000000000005,1.0,0.005,0.002,-1.1280042909579044,-1056.7605870012094,-106.98271411532475,-0.0005,0.0
271,27,0,27,compression,-174.61437447043517,-0.0005,69845.74978817407,-29.102395745072528,-0.013500000000000009,1.0,0.005,0.002,-1.2711194063761075,-902.5446313324148,-103.62578323028967,-0.0005,0.0
272,69,1,28,compression,-156.27533538518884,-0.0005,62510.13415407554,-26.045889230864802,-0.014000000000000009,1.0,0.005,0.002,-0.9480157449259797,-926.0206976607568,-102.17830386921612,-0.0005,0.0
273,323,7,32,compression,-476.79222165443343,-0.0005,190716.88866177338,-79.4653702757389,-0.01600000000000001,1.0,0.005,0.002,-1.3948557216266222,-1025.7225743115207,-104.30758724978375,-0.0005,0.0
274,735,17,30,compression,-271.32544560912913,-0.0005,108530.17824365165,-45.22090760152153,-0.01500000000000001,1.0,0.005,0.002,-1.1430181944690403,-986.9944120470951,-95.9161856981592,-0.0005,0.0
275,449,10,35,compression,-634.8906927835095,-0.0005,253956.2771134038,-105.81511546391827,-0.017500000000000012,1.0,0.005,0.002,-1.0748685326999676,-1055.3880029173254,-107.32025736401242,-0.0005,0.0
276,1020,24,23,compression,-74.72732063587482,-0.0005,29890.92825434993,-12.454553439312468,-0.011500000000000007,1.0,0.005,0.002,-1.1280042909579044,-1056.7605870012094,-106.98271411532475,-0.0005,0.0
277,391,9,18,compression,-32.60513043902899,-0.0005,13042.052175611596,-5.434188406504833,-0.009000000000000005,1.0,0.005,0.002,-1.2246825029395731,-976.6544111185998,-100.95466942345708,-0.0005,0.0
278,820,19,32,compression,-366.52557360085586,-0.0005,146610.22944034234,-61.08759560014265,-0.01600000000000001,1.0,0.005,0.002,-1.0722706248974305,-1008.1924811237142,-107.3029155685177,-0.0005,0.0
279,1232,29,28,compression,-195.40958162104218,-0.0005,78163.83264841686,-32.568263603507035,-0.014000000000000009,1.0,0.005,0.002,-1.1854164934571227,-1068.4615996240832,-101.31586211470209,-0.0005,0.0
280,522,12,24,compression,-93.63730793950232,-0.0005,37454.92317580093,-15.60621798991705,-0.012000000000000007,1.0,0.005,0.002,-1.1778744847570295,-956.2022712220971,-92.65950261329175,-0.0005,0.0
281,401,9,28,compression,-201.88237369643872,-0.0005,80752.9494785755,-33.64706228273978,-0.014000000000000009,1.0,0.005,0.002,-1.2246825029395731,-976.6544111185998,-100.95466942345708,-0.0005,0.0
282,942,22,31,compression,-284.57296924223095,-0.0005,113829.18769689238,-47.4288282070385,-0.01550000000000001,1.0,0.005,0.002,-0.9990219210970926,-1036.2132785741792,-104.36392754853118,-0.0005,0.0
283,1185,28,23,compression,-54.18097116691951,-0.0005,21672.388466767807,-9.030161861153253,-0.011500000000000007,1.0,0.005,0.002,-0.8178584143589804,-977.1062785854151,-104.86705498970387,-0.0005,0.0
284,1016,24,19,compression,-36.037481016529135,-0.0005,14414.992406611655,-6.006246836088189,-0.009500000000000005,1.0,0.005,0.002,-1.1280042909579044,-1056.7605870012094,-106.98271411532475,-0.0005,0.0
285,729,17,24,compression,-90.86634275640097,-0.0005,36346.53710256039,-15.144390459400162,-0.012000000000000007,1.0,0.005,0.002,-1.1430181944690403,-986.9944120470951,-95.9161856981592,-0.0005,0.0
286,773,18,26,compression,-152.33547202335205,-0.0005,60934.18880934082,-25.389245337225343,-0.013000000000000008,1.0,0.005,0.002,-1.330726009394831,-973.9019036429138,-108.19707642677369,-0.0005,0.0
287,905,21,34,compression,-599.210385818197,-0.0005,239684.15432727878,-99.86839763636615,-0.01700000000000001,1.0,0.005,0.002,-1.2173542227104743,-1002.2435202979243,-108.6028520683887,-0.0005,0.0
288,272,6,23,compression,-71.34904261065451,-0.0005,28539.617044261802,-11.891507101775753,-0.011500000000000007,1.0,0.005,0.002,-1.077009392759081,-970.6283945879625,-91.77287239102952,-0.0005,0.0
289,403,9,30,compression,-290.7106181228718,-0.0005,116284.24724914871,-48.451769687145294,-0.01500000000000001,1.0,0.005,0.002,-1.2246825029395731,-976.6544111185998,-100.95466942345708,-0.0005,0.0
290,492,11,36,compression,-899.822163139463,-0.0005,359928.8652557852,-149.9703605232438,-0.018000000000000013,1.0,0.005,0.002,-1.2694974363017724,-1080.7783132943705,-102.68320170664408,-0.0005,0.0
291,353,8,21,compression,-68.4672376333964,-0.0005,27386.89505335856,-11.411206272232732,-0.010500000000000006,1.0,0.005,0.002,-1.4882525633728845,-1063.6892125274542,-102.10662837402795,-0.0005,0.0
292,26,0,26,compression,-145.51197872536264,-0.0005,58204.79149014506,-24.251996454227108,-0.013000000000000008,1.0,0.005,0.002,-1.2711194063761075,-902.5446313324148,-103.62578323028967,-0.0005,0.0
293,1114,26,34,compression,-573.7119794288026,-0.0005,229484.79177152104,-95.61866323813379,-0.01700000000000001,1.0,0.005,0.002,-1.1655517282524852,-906.5262606001112,-95.2084970668728,-0.0005,0.0
294,1112,26,32,compression,-398.41109682555737,-0.0005,159364.43873022296,-66.40184947092624,-0.01600000000000001,1.0,0.005,0.002,-1.1655517282524852,-906.5262606001112,-95.2084970668728,-0.0005,0.0
295,734,17,29,compression,-226.10453800760763,-0.0005,90441.81520304305,-37.6840896679346,-0.01450000000000001,1.0,0.005,0.002,-1.1430181944690403,-986.9944120470951,-95.9161856981592,-0.0005,0.0
296,849,20,19,compression,-42.181381028382035,-0.0005,16872.552411352815,-7.030230171397005,-0.009500000000000005,1.0,0.005,0.002,-1.320313669446586,-1087.025355924156,-102.55356074784292,-0.0005,0.0
297,271,6,22,compression,-59.457535508878756,-0.0005,23783.014203551502,-9.909589251479794,-0.011000000000000006,1.0,0.005,0.002,-1.077009392759081,-970.6283945879625,-91.77287239102952,-0.0005,0.0
298,448,10,34,compression,-529.0755773195913,-0.0005,211630.2309278365,-88.17926288659854,-0.01700000000000001,1.0,0.005,0.002,-1.0748685326999676,-1055.3880029173254,-107.32025736401242,-0.0005,0.0
299,1231,29,27,compression,-162.84131801753514,-0.0005,65136.527207014056,-27.14021966958919,-0.013500000000000009,1.0,0.005,0.002,-1.1854164934571227,-1068.4615996240832,-101.31586211470209,-0.0005,0.0
300,1148,27,27,compression,-176.15577923246255,-0.0005,70462.31169298502,-29.359296538743752,-0.013500000000000009,1.0,0.005,0.002,-1.2823401865211306,-1038.708666341519,-94.35772627567155,-0.0005,0.0
301,400,9,27,compression,-168.23531141369895,-0.0005,67294.12456547958,-28.03921856894983,-0.013500000000000009,1.0,0.005,0.002,-1.2246825029395731,-976.6544111185998,-100.95466942345708,-0.0005,0.0
302,941,22,30,compression,-237.14414103519246,-0.0005,94857.65641407699,-39.524023505865415,-0.01500000000000001,1.0,0.005,0.002,-0.9990219210970926,-1036.2132785741792,-104.36392754853118,-0.0005,0.0
303,232,5,25,compression,-114.84856109164795,-0.0005,45939.42443665918,-19.14142684860799,-0.012500000000000008,1.0,0.005,0.002,-1.2039110682990417,-1048.8158989683548,-98.18194296469177,-0.0005,0.0
304,772,18,25,compression,-126.94622668612672,-0.0005,50778.49067445069,-21.157704447687788,-0.012500000000000008,1.0,0.005,0.002,-1.330726009394831,-973.9019036429138,-108.19707642677369,-0.0005,0.0
305,571,13,32,compression,-500.3298452407465,-0.0005,200131.9380962986,-83.38830754012443,-0.01600000000000001,1.0,0.005,0.002,-1.4637150432383281,-908.7808178668201,-95.59797149569265,-0.0005,0.0
306,402,9,29,compression,-242.25884843572646,-0.0005,96903.53937429059,-40.376474739287744,-0.01450000000000001,1.0,0.005,0.002,-1.2246825029395731,-976.6544111185998,-100.95466942345708,-0.0005,0.0
307,491,11,35,compression,-749.8518026162192,-0.0005,299940.7210464877,-124.97530043603653,-0.017500000000000012,1.0,0.005,0.002,-1.2694974363017724,-1080.7783132943705,-102.68320170664408,-0.0005,0.0
308,604,14,25,compression,-77.06664266443153,-0.0005,30826.65706577261,-12.844440444071921,-0.012500000000000008,1.0,0.005,0.002,-0.8078584809287921,-1076.244578140342,-102.49956488603401,-0.0005,0.0
309,25,0,25,compression,-121.25998227113553,-0.0005,48503.99290845421,-20.209997045189255,-0.012500000000000008,1.0,0.005,0.002,-1.2711194063761075,-902.5446313324148,-103.62578323028967,-0.0005,0.0
310,434,10,20,compression,-41.207879778058555,-0.0005,16483.151911223424,-6.867979963009759,-0.010000000000000005,1.0,0.005,0.002,-1.0748685326999676,-1055.3880029173254,-107.32025736401242,-0.0005,0.0
311,651,15,28,compression,-189.31126843307842,-0.0005,75724.50737323138,-31.551878072179736,-0.014000000000000009,1.0,0.005,0.002,-1.1484221916664432,-950.5553075963044,-103.77938100353477,-0.0005,0.0
312,70,1,29,compression,-187.53040246222662,-0.0005,75012.16098489065,-31.255067077037765,-0.01450000000000001,1.0,0.005,0.002,-0.9480157449259797,-926.0206976607568,-102.17830386921612,-0.0005,0.0
313,848,20,18,compression,-35.151150856985026,-0.0005,14060.460342794011,-5.858525142830839,-0.009000000000000005,1.0,0.005,0.002,-1.320313669446586,-1087.025355924156,-102.55356074784292,-0.0005,0.0
314,476,11,20,compression,-48.66948481808371,-0.0005,19467.793927233484,-8.111580803013952,-0.010000000000000005,1.0,0.005,0.002,-1.2694974363017724,-1080.7783132943705,-102.68320170664408,-0.0005,0.0
315,447,10,33,compression,-440.8963144329927,-0.0005,176358.5257731971,-73.48271907216547,-0.01650000000000001,1.0,0.005,0.002,-1.0748685326999676,-1055.3880029173254,-107.32025736401242,-0.0005,0.0
316,818,19,30,compression,-254.53164833392765,-0.0005,101812.65933357106,-42.421941388987946,-0.01500000000000001,1.0,0.005,0.002,-1.0722706248974305,-1008.1924811237142,-107.3029155685177,-0.0005,0.0
317,1147,27,26,compression,-146.7964826937188,-0.0005,58718.593077487516,-24.46608044895313,-0.013000000000000008,1.0,0.005,0.002,-1.2823401865211306,-1038.708666341519,-94.35772627567155,-0.0005,0.0
318,1190,28,28,compression,-134.81959417406915,-0.0005,53927.83766962766,-22.46993236234486,-0.014000000000000009,1.0,0.005,0.002,-0.8178584143589804,-977.1062785854151,-104.86705498970387,-0.0005,0.0
319,399,9,26,compression,-140.19609284474913,-0.0005,56078.43713789965,-23.36601547412486,-0.013000000000000008,1.0,0.005,0.002,-1.2246825029395731,-976.6544111185998,-100.95466942345708,-0.0005,0.0
320,940,22,29,compression,-197.62011752932705,-0.0005,79048.04701173081,-32.936686254887846,-0.01450000000000001,1.0,0.005,0.002,-0.9990219210970926,-1036.2132785741792,-104.36392754853118,-0.0005,0.0
321,771,18,24,compression,-105.78852223843893,-0.0005,42315.40889537557,-17.631420373073155,-0.012000000000000007,1.0,0.005,0.002,-1.330726009394831,-973.9019036429138,-108.19707642677369,-0.0005,0.0
322,570,13,31,compression,-416.9415377006221,-0.0005,166776.61508024886,-69.49025628343702,-0.01550000000000001,1.0,0.005,0.002,-1.4637150432383281,-908.7808178668201,-95.59797149569265,-0.0005,0.0
323,274,6,25,compression,-102.7426213593425,-0.0005,41097.048543737,-17.123770226557085,-0.012500000000000008,1.0,0.005,0.002,-1.077009392759081,-970.6283945879625,-91.77287239102952,-0.0005,0.0
324,34,0,34,compression,-625.6748740064736,-0.0005,250269.94960258945,-104.27914566774561,-0.01700000000000001,1.0,0.005,0.002,-1.2711194063761075,-902.5446313324148,-103.62578323028967,-0.0005,0.0
325,618,14,39,compression,-989.4728551765287,-0.0005,395789.1420706115,-164.91214252942143,-0.019500000000000014,1.0,0.005,0.002,-0.8078584809287921,-1076.244578140342,-102.49956488603401,-0.0005,0.0
326,926,22,15,compression,-15.39195229182763,-0.0005,6156.7809167310525,-2.565325381971272,-0.007500000000000003,1.0,0.005,0.002,-0.9990219210970926,-1036.2132785741792,-104.36392754853118,-0.0005,0.0
327,924,22,13,compression,-10.688855758213633,-0.0005,4275.542303285453,-1.7814759597022725,-0.006500000000000002,1.0,0.005,0.002,-0.9990219210970926,-1036.2132785741792,-104.36392754853118,-0.0005,0.0
328,263,6,14,compression,-13.827922458559435,-0.0005,5531.168983423774,-2.3046537430932394,-0.007000000000000003,1.0,0.005,0.002,-1.077009392759081,-970.6283945879625,-91.77287239102952,-0.0005,0.0
329,347,8,15,compression,-22.929539352319498,-0.0005,9171.8157409278,-3.82158989205325,-0.007500000000000003,1.0,0.005,0.002,-1.4882525633728845,-1063.6892125274542,-102.10662837402795,-0.0005,0.0
330,24,0,24,compression,-101.04998522594627,-0.0005,40419.99409037851,-16.84166420432438,-0.012000000000000007,1.0,0.005,0.002,-1.2711194063761075,-902.5446313324148,-103.62578323028967,-0.0005,0.0
331,101,2,19,compression,-38.12938486711592,-0.0005,15251.753946846367,-6.354897477852653,-0.009500000000000005,1.0,0.005,0.002,-1.1934826888140408,-1025.4502193821295,-107.86092807054452,-0.0005,0.0
332,718,17,13,compression,-12.229518043284205,-0.0005,4891.8072173136825,-2.038253007214034,-0.006500000000000002,1.0,0.005,0.002,-1.1430181944690403,-986.9944120470951,-95.9161856981592,-0.0005,0.0
333,831,20,1,compression,-1.5843764033359031,-0.0005,633.7505613343612,-0.2640627338893172,-0.0005,1.0,0.005,0.002,-1.320313669446586,-1087.025355924156,-102.55356074784292,-0.0005,0.0
334,672,16,9,compression,-6.114685457184533,-0.0005,2445.874182873813,-1.019114242864089,-0.0045000000000000005,1.0,0.005,0.002,-1.1850670067407807,-1044.7681294798706,-101.01669674597854,-0.0005,0.0
335,336,8,4,compression,-3.086040515410013,-0.0005,1234.4162061640052,-0.5143400859016689,-0.002,1.0,0.005,0.002,-1.4882525633728845,-1063.6892125274542,-102.10662837402795,-0.0005,0.0
336,844,20,14,compression,-16.951750991987378,-0.0005,6780.700396794951,-2.825291831997896,-0.007000000000000003,1.0,0.005,0.002,-1.320313669446586,-1087.025355924156,-102.55356074784292,-0.0005,0.0
337,732,17,27,compression,-157.01704028306085,-0.0005,62806.81611322434,-26.16950671384347,-0.013500000000000009,1.0,0.005,0.002,-1.1430181944690403,-986.9944120470951,-95.9161856981592,-0.0005,0.0
338,819,19,31,compression,-305.4379780007132,-0.0005,122175.19120028528,-50.90632966678553,-0.01550000000000001,1.0,0.005,0.002,-1.0722706248974305,-1008.1924811237142,-107.3029155685177,-0.0005,0.0
339,847,20,17,compression,-29.29262571415419,-0.0005,11717.050285661677,-4.882104285692366,-0.008500000000000004,1.0,0.005,0.002,-1.320313669446586,-1087.025355924156,-102.55356074784292,-0.0005,0.0
340,1128,27,7,compression,-4.594856735410933,-0.0005,1837.9426941643733,-0.7658094559018223,-0.0035,1.0,0.005,0.002,-1.2823401865211306,-1038.708666341519,-94.35772627567155,-0.0005,0.0
341,446,10,32,compression,-367.41359536082723,-0.0005,146965.4381443309,-61.23559922680455,-0.01600000000000001,1.0,0.005,0.002,-1.0748685326999676,-1055.3880029173254,-107.32025736401242,-0.0005,0.0
342,639,15,16,compression,-21.232518580486378,-0.0005,8493.00743219455,-3.538753096747729,-0.008000000000000004,1.0,0.005,0.002,-1.1484221916664432,-950.5553075963044,-103.77938100353477,-0.0005,0.0
343,559,13,20,compression,-56.1153217311063,-0.0005,22446.12869244252,-9.352553621851051,-0.010000000000000005,1.0,0.005,0.002,-1.4637150432383281,-908.7808178668201,-95.59797149569265,-0.0005,0.0
344,520,12,22,compression,-65.02590829132106,-0.0005,26010.363316528423,-10.837651381886843,-0.011000000000000006,1.0,0.005,0.002,-1.1778744847570295,-956.2022712220971,-92.65950261329175,-0.0005,0.0
345,817,19,29,compression,-212.1097069449397,-0.0005,84843.88277797587,-35.35161782415662,-0.01450000000000001,1.0,0.005,0.002,-1.0722706248974305,-1008.1924811237142,-107.3029155685177,-0.0005,0.0
346,683,16,20,compression,-45.432624788122894,-0.0005,18173.049915249157,-7.572104131353816,-0.010000000000000005,1.0,0.005,0.002,-1.1850670067407807,-1044.7681294798706,-101.01669674597854,-0.0005,0.0
347,1229,29,25,compression,-113.08424862328829,-0.0005,45233.69944931532,-18.847374770548043,-0.012500000000000008,1.0,0.005,0.002,-1.1854164934571227,-1068.4615996240832,-101.31586211470209,-0.0005,0.0
348,384,9,11,compression,-9.09949351119234,-0.0005,3639.797404476936,-1.5165822518653898,-0.005500000000000001,1.0,0.005,0.002,-1.2246825029395731,-976.6544111185998,-100.95466942345708,-0.0005,0.0
349,383,9,10,compression,-7.58291125932695,-0.0005,3033.1645037307803,-1.2638185432211586,-0.005000000000000001,1.0,0.005,0.002,-1.2246825029395731,-976.6544111185998,-100.95466942345708,-0.0005,0.0
350,1146,27,25,compression,-122.33040224476566,-0.0005,48932.160897906266,-20.388400374127613,-0.012500000000000008,1.0,0.005,0.002,-1.2823401865211306,-1038.708666341519,-94.35772627567155,-0.0005,0.0
351,311,7,20,compression,-53.47542060808596,-0.0005,21390.168243234384,-8.912570101347661,-0.010000000000000005,1.0,0.005,0.002,-1.3948557216266222,-1025.7225743115207,-104.30758724978375,-0.0005,0.0
352,846,20,16,compression,-24.410521428461823,-0.0005,9764.20857138473,-4.068420238076971,-0.008000000000000004,1.0,0.005,0.002,-1.320313669446586,-1087.025355924156,-102.55356074784292,-0.0005,0.0
353,896,21,25,compression,-116.13098716226068,-0.0005,46452.39486490427,-19.35516452704345,-0.012500000000000008,1.0,0.005,0.002,-1.2173542227104743,-1002.2435202979243,-108.6028520683887,-0.0005,0.0
354,939,22,28,compression,-164.68343127443922,-0.0005,65873.37250977568,-27.447238545739864,-0.014000000000000009,1.0,0.005,0.002,-0.9990219210970926,-1036.2132785741792,-104.36392754853118,-0.0005,0.0
355,97,2,15,compression,-18.388013535453275,-0.0005,7355.2054141813105,-3.064668922575547,-0.007500000000000003,1.0,0.005,0.002,-1.1934826888140408,-1025.4502193821295,-107.86092807054452,-0.0005,0.0
356,770,18,23,compression,-88.15710186536577,-0.0005,35262.84074614631,-14.692850310894293,-0.011500000000000007,1.0,0.005,0.002,-1.330726009394831,-973.9019036429138,-108.19707642677369,-0.0005,0.0
357,569,13,30,compression,-347.4512814171851,-0.0005,138980.51256687404,-57.90854690286419,-0.01500000000000001,1.0,0.005,0.002,-1.4637150432383281,-908.7808178668201,-95.59797149569265,-0.0005,0.0
358,348,8,16,compression,-27.5154472227834,-0.0005,11006.17888911336,-4.585907870463901,-0.008000000000000004,1.0,0.005,0.002,-1.4882525633728845,-1063.6892125274542,-102.10662837402795,-0.0005,0.0
359,350,8,18,compression,-39.622244000808095,-0.0005,15848.897600323238,-6.603707333468016,-0.009000000000000005,1.0,0.005,0.002,-1.4882525633728845,-1063.6892125274542,-102.10662837402795,-0.0005,0.0
360,804,19,16,compression,-19.824595981907894,-0.0005,7929.838392763158,-3.3040993303179826,-0.008000000000000004,1.0,0.005,0.002,-1.0722706248974305,-1008.1924811237142,-107.3029155685177,-0.0005,0.0
361,974,23,20,compression,-33.58543227551341,-0.0005,13434.172910205365,-5.597572045918902,-0.010000000000000005,1.0,0.005,0.002,-0.8760442057321498,-979.7775332639776,-96.82653292689756,-0.0005,0.0
362,1144,27,23,compression,-84.9516682255317,-0.0005,33980.66729021268,-14.158611370921951,-0.011500000000000007,1.0,0.005,0.002,-1.2823401865211306,-1038.708666341519,-94.35772627567155,-0.0005,0.0
363,489,11,33,compression,-520.7304184834856,-0.0005,208292.16739339422,-86.78840308058092,-0.01650000000000001,1.0,0.005,0.002,-1.2694974363017724,-1080.7783132943705,-102.68320170664408,-0.0005,0.0
364,617,14,38,compression,-824.5607126471073,-0.0005,329824.2850588429,-137.42678544118456,-0.019000000000000013,1.0,0.005,0.002,-0.8078584809287921,-1076.244578140342,-102.49956488603401,-0.0005,0.0
365,742,17,37,compression,-972.2081272580758,-0.0005,388883.25090323034,-162.03468787634597,-0.018500000000000013,1.0,0.005,0.002,-1.1430181944690403,-986.9944120470951,-95.9161856981592,-0.0005,0.0
366,643,15,20,compression,-44.02775052849655,-0.0005,17611.100211398618,-7.33795842141609,-0.010000000000000005,1.0,0.005,0.002,-1.1484221916664432,-950.5553075963044,-103.77938100353477,-0.0005,0.0
367,1018,24,21,compression,-51.89397266380196,-0.0005,20757.589065520784,-8.648995443966994,-0.010500000000000006,1.0,0.005,0.002,-1.1280042909579044,-1056.7605870012094,-106.98271411532475,-0.0005,0.0
368,65,1,24,compression,-75.36426282078938,-0.0005,30145.705128315753,-12.560710470131562,-0.012000000000000007,1.0,0.005,0.002,-0.9480157449259797,-926.0206976607568,-102.17830386921612,-0.0005,0.0
369,1111,26,31,compression,-332.00924735463116,-0.0005,132803.69894185246,-55.334874559105195,-0.01550000000000001,1.0,0.005,0.002,-1.1655517282524852,-906.5262606001112,-95.2084970668728,-0.0005,0.0
370,319,7,28,compression,-229.93452047378156,-0.0005,91973.80818951262,-38.3224200789636,-0.014000000000000009,1.0,0.005,0.002,-1.3948557216266222,-1025.7225743115207,-104.30758724978375,-0.0005,0.0
371,1097,26,17,compression,-25.859060097814755,-0.0005,10343.624039125902,-4.309843349635793,-0.008500000000000004,1.0,0.005,0.002,-1.1655517282524852,-906.5262606001112,-95.2084970668728,-0.0005,0.0
372,649,15,26,compression,-131.46615863408223,-0.0005,52586.463453632896,-21.9110264390137,-0.013000000000000008,1.0,0.005,0.002,-1.1484221916664432,-950.5553075963044,-103.77938100353477,-0.0005,0.0
373,68,1,27,compression,-130.22944615432402,-0.0005,52091.77846172961,-21.704907692387334,-0.013500000000000009,1.0,0.005,0.002,-0.9480157449259797,-926.0206976607568,-102.17830386921612,-0.0005,0.0
374,108,2,26,compression,-136.6244797716603,-0.0005,54649.79190866412,-22.770746628610052,-0.013000000000000008,1.0,0.005,0.002,-1.1934826888140408,-1025.4502193821295,-107.86092807054452,-0.0005,0.0
375,280,6,31,compression,-306.7878234970549,-0.0005,122715.12939882195,-51.131303916175824,-0.01550000000000001,1.0,0.005,0.002,-1.077009392759081,-970.6283945879625,-91.77287239102952,-0.0005,0.0
376,558,13,19,compression,-46.76276810925525,-0.0005,18705.1072437021,-7.7937946848758735,-0.009500000000000005,1.0,0.005,0.002,-1.4637150432383281,-908.7808178668201,-95.59797149569265,-0.0005,0.0
377,1228,29,24,compression,-94.23687385274025,-0.0005,37694.7495410961,-15.706145642123374,-0.012000000000000007,1.0,0.005,0.002,-1.1854164934571227,-1068.4615996240832,-101.31586211470209,-0.0005,0.0
378,645,15,22,compression,-63.39996076103502,-0.0005,25359.984304414007,-10.566660126839167,-0.011000000000000006,1.0,0.005,0.002,-1.1484221916664432,-950.5553075963044,-103.77938100353477,-0.0005,0.0
379,160,3,36,compression,-825.5586841031039,-0.0005,330223.47364124155,-137.593114017184,-0.018000000000000013,1.0,0.005,0.002,-1.164724182086098,-1051.7295709830635,-104.8570950289774,-0.0005,0.0
380,233,5,26,compression,-137.81827330997754,-0.0005,55127.309323991016,-22.96971221832959,-0.013000000000000008,1.0,0.005,0.002,-1.2039110682990417,-1048.8158989683548,-98.18194296469177,-0.0005,0.0
381,229,5,22,compression,-66.46328766877775,-0.0005,26585.315067511103,-11.077214611462958,-0.011000000000000006,1.0,0.005,0.002,-1.2039110682990417,-1048.8158989683548,-98.18194296469177,-0.0005,0.0
382,852,20,22,compression,-72.88942641704416,-0.0005,29155.770566817664,-12.148237736174027,-0.011000000000000006,1.0,0.005,0.002,-1.320313669446586,-1087.025355924156,-102.55356074784292,-0.0005,0.0
383,901,21,30,compression,-288.9710579755965,-0.0005,115588.42319023861,-48.161842995932744,-0.01500000000000001,1.0,0.005,0.002,-1.2173542227104743,-1002.2435202979243,-108.6028520683887,-0.0005,0.0
384,37,0,37,extension,-900.971818569322,0.0005,900971.818569322,0.0,-0.018000000000000013,1.0,0.005,0.002,-1.2711194063761075,-902.5446313324148,-103.62578323028967,-0.0005,0.0
385,38,0,38,extension,-450.4859092846609,0.0005,450485.90928466094,450.48590928466103,-0.017500000000000012,1.0,0.005,0.002,-1.2711194063761075,-902.5446313324148,-103.62578323028967,-0.0005,0.0
386,39,0,39,extension,-225.24295464233046,0.0005,225242.95464233047,225.24295464233046,-0.01700000000000001,1.0,0.005,0.002,-1.2711194063761075,-902.5446313324148,-103.62578323028967,-0.0005,0.0
387,40,0,40,extension,-112.62147732116523,0.0005,112621.47732116524,112.62147732116523,-0.01650000000000001,1.0,0.005,0.002,-1.2711194063761075,-902.5446313324148,-103.62578323028967,-0.0005,0.0
388,79,1,38,extension,-806.3464050227078,0.0005,806346.4050227078,0.0,-0.018500000000000013,1.0,0.005,0.002,-0.9480157449259797,-926.0206976607568,-102.17830386921612,-0.0005,0.0
389,80,1,39,extension,-403.1732025113539,0.0005,403173.2025113539,403.1732025113539,-0.018000000000000013,1.0,0.005,0.002,-0.9480157449259797,-926.0206976607568,-102.17830386921612,-0.0005,0.0
390,81,1,40,extension,-201.58660125567695,0.0005,201586.60125567694,201.58660125567695,-0.017500000000000012,1.0,0.005,0.002,-0.9480157449259797,-926.0206976607568,-102.17830386921612,-0.0005,0.0
391,120,2,38,extension,-1015.1313211123693,0.0005,1015131.3211123693,0.0,-0.018500000000000013,1.0,0.005,0.002,-1.1934826888140408,-1025.4502193821295,-107.86092807054452,-0.0005,0.0
392,121,2,39,extension,-507.5656605561846,0.0005,507565.6605561846,507.5656605561847,-0.018000000000000013,1.0,0.005,0.002,-1.1934826888140408,-1025.4502193821295,-107.86092807054452,-0.0005,0.0
393,122,2,40,extension,-253.78283027809226,0.0005,253782.83027809227,253.78283027809232,-0.017500000000000012,1.0,0.005,0.002,-1.1934826888140408,-1025.4502193821295,-107.86092807054452,-0.0005,0.0
394,123,2,41,extension,-126.89141513904613,0.0005,126891.41513904613,126.89141513904613,-0.01700000000000001,1.0,0.005,0.002,-1.1934826888140408,-1025.4502193821295,-107.86092807054452,-0.0005,0.0
395,162,3,38,extension,-990.6704209237247,0.0005,990670.4209237247,0.0,-0.018500000000000013,1.0,0.005,0.002,-1.164724182086098,-1051.7295709830635,-104.8570950289774,-0.0005,0.0
396,163,3,39,extension,-495.33521046186235,0.0005,495335.2104618623,495.33521046186235,-0.018000000000000013,1.0,0.005,0.002,-1.164724182086098,-1051.7295709830635,-104.8570950289774,-0.0005,0.0
397,164,3,40,extension,-247.66760523093117,0.0005,247667.60523093116,247.66760523093117,-0.017500000000000012,1.0,0.005,0.002,-1.164724182086098,-1051.7295709830635,-104.8570950289774,-0.0005,0.0
398,165,3,41,extension,-123.83380261546559,0.0005,123833.80261546558,123.83380261546559,-0.01700000000000001,1.0,0.005,0.002,-1.164724182086098,-1051.7295709830635,-104.8570950289774,-0.0005,0.0
399,203,4,37,extension,-971.5461607804344,0.0005,971546.1607804344,0.0,-0.018000000000000013,1.0,0.005,0.002,-1.3706879102159095,-1061.2270902191378,-93.72344659689958,-0.0005,0.0
400,204,4,38,extension,-485.7730803902172,0.0005,485773.0803902172,485.7730803902172,-0.017500000000000012,1.0,0.005,0.002,-1.3706879102159095,-1061.2270902191378,-93.72344659689958,-0.0005,0.0
401,205,4,39,extension,-242.8865401951086,0.0005,242886.5401951086,242.8865401951086,-0.01700000000000001,1.0,0.005,0.002,-1.3706879102159095,-1061.2270902191378,-93.72344659689958,-0.0005,0.0
402,206,4,40,extension,-121.4432700975543,0.0005,121443.2700975543,121.4432700975543,-0.01650000000000001,1.0,0.005,0.002,-1.3706879102159095,-1061.2270902191378,-93.72344659689958,-0.0005,0.0
403,245,5,38,extension,-1024.001307030799,0.0005,1024001.3070307989,0.0,-0.018500000000000013,1.0,0.005,0.002,-1.2039110682990417,-1048.8158989683548,-98.18194296469177,-0.0005,0.0
404,246,5,39,extension,-512.0006535153994,0.0005,512000.65351539943,512.0006535153994,-0.018000000000000013,1.0,0.005,0.002,-1.2039110682990417,-1048.8158989683548,-98.18194296469177,-0.0005,0.0
405,247,5,40,extension,-256.0003267576997,0.0005,256000.32675769972,256.0003267576997,-0.017500000000000012,1.0,0.005,0.002,-1.2039110682990417,-1048.8158989683548,-98.18194296469177,-0.0005,0.0
406,248,5,41,extension,-128.00016337884986,0.0005,128000.16337884986,128.00016337884986,-0.01700000000000001,1.0,0.005,0.002,-1.2039110682990417,-1048.8158989683548,-98.18194296469177,-0.0005,0.0
407,287,6,38,extension,-916.06353235703,0.0005,916063.53235703,0.0,-0.018500000000000013,1.0,0.005,0.002,-1.077009392759081,-970.6283945879625,-91.77287239102952,-0.0005,0.0
408,288,6,39,extension,-458.031766178515,0.0005,458031.766178515,458.031766178515,-0.018000000000000013,1.0,0.005,0.002,-1.077009392759081,-970.6283945879625,-91.77287239102952,-0.0005,0.0
409,289,6,40,extension,-229.0158830892575,0.0005,229015.8830892575,229.0158830892575,-0.017500000000000012,1.0,0.005,0.002,-1.077009392759081,-970.6283945879625,-91.77287239102952,-0.0005,0.0
410,290,6,41,extension,-114.50794154462875,0.0005,114507.94154462875,114.50794154462875,-0.01700000000000001,1.0,0.005,0.002,-1.077009392759081,-970.6283945879625,-91.77287239102952,-0.0005,0.0
411,328,7,37,extension,-988.6763508226331,0.0005,988676.3508226331,0.0,-0.018000000000000013,1.0,0.005,0.002,-1.3948557216266222,-1025.7225743115207,-104.30758724978375,-0.0005,0.0
412,329,7,38,extension,-494.33817541131657,0.0005,494338.17541131657,494.33817541131657,-0.017500000000000012,1.0,0.005,0.002,-1.3948557216266222,-1025.7225743115207,-104.30758724978375,-0.0005,0.0
413,330,7,39,extension,-247.16908770565828,0.0005,247169.08770565828,247.16908770565828,-0.01700000000000001,1.0,0.005,0.002,-1.3948557216266222,-1025.7225743115207,-104.30758724978375,-0.0005,0.0
414,331,7,40,extension,-123.58454385282914,0.0005,123584.54385282914,123.58454385282914,-0.01650000000000001,1.0,0.005,0.002,-1.3948557216266222,-1025.7225743115207,-104.30758724978375,-0.0005,0.0
415,369,8,37,extension,-1054.8762073700698,0.0005,1054876.2073700698,0.0,-0.018000000000000013,1.0,0.005,0.002,-1.4882525633728845,-1063.6892125274542,-102.10662837402795,-0.0005,0.0
416,370,8,38,extension,-527.4381036850349,0.0005,527438.1036850349,527.4381036850349,-0.017500000000000012,1.0,0.005,0.002,-1.4882525633728845,-1063.6892125274542,-102.10662837402795,-0.0005,0.0
417,371,8,39,extension,-263.71905184251744,0.0005,263719.05184251745,263.71905184251744,-0.01700000000000001,1.0,0.005,0.002,-1.4882525633728845,-1063.6892125274542,-102.10662837402795,-0.0005,0.0
418,372,8,40,extension,-131.85952592125872,0.0005,131859.52592125873,131.85952592125872,-0.01650000000000001,1.0,0.005,0.002,-1.4882525633728845,-1063.6892125274542,-102.10662837402795,-0.0005,0.0
419,410,9,37,extension,-868.0572543450053,0.0005,868057.2543450053,0.0,-0.018000000000000013,1.0,0.005,0.002,-1.2246825029395731,-976.6544111185998,-100.95466942345708,-0.0005,0.0
420,411,9,38,extension,-434.02862717250264,0.0005,434028.62717250263,434.02862717250264,-0.017500000000000012,1.0,0.005,0.002,-1.2246825029395731,-976.6544111185998,-100.95466942345708,-0.0005,0.0
421,412,9,39,extension,-217.01431358625132,0.0005,217014.31358625132,217.01431358625132,-0.01700000000000001,1.0,0.005,0.002,-1.2246825029395731,-976.6544111185998,-100.95466942345708,-0.0005,0.0
422,413,9,40,extension,-108.50715679312566,0.0005,108507.15679312566,108.50715679312566,-0.01650000000000001,1.0,0.005,0.002,-1.2246825029395731,-976.6544111185998,-100.95466942345708,-0.0005,0.0
423,452,10,38,extension,-914.2425976082536,0.0005,914242.5976082536,0.0,-0.018500000000000013,1.0,0.005,0.002,-1.0748685326999676,-1055.3880029173254,-107.32025736401242,-0.0005,0.0
424,453,10,39,extension,-457.1212988041268,0.0005,457121.2988041268,457.1212988041268,-0.018000000000000013,1.0,0.005,0.002,-1.0748685326999676,-1055.3880029173254,-107.32025736401242,-0.0005,0.0
425,454,10,40,extension,-228.5606494020634,0.0005,228560.6494020634,228.5606494020634,-0.017500000000000012,1.0,0.005,0.002,-1.0748685326999676,-1055.3880029173254,-107.32025736401242,-0.0005,0.0
426,455,10,41,extension,-114.2803247010317,0.0005,114280.3247010317,114.2803247010317,-0.01700000000000001,1.0,0.005,0.002,-1.0748685326999676,-1055.3880029173254,-107.32025736401242,-0.0005,0.0
427,494,11,38,extension,-1079.7865957673555,0.0005,1079786.5957673555,0.0,-0.018500000000000013,1.0,0.005,0.002,-1.2694974363017724,-1080.7783132943705,-102.68320170664408,-0.0005,0.0
428,495,11,39,extension,-539.8932978836777,0.0005,539893.2978836778,539.8932978836777,-0.018000000000000013,1.0,0.005,0.002,-1.2694974363017724,-1080.7783132943705,-102.68320170664408,-0.0005,0.0
429,496,11,40,extension,-269.9466489418389,0.0005,269946.6489418389,269.9466489418389,-0.017500000000000012,1.0,0.005,0.002,-1.2694974363017724,-1080.7783132943705,-102.68320170664408,-0.0005,0.0
430,497,11,41,extension,-134.97332447091944,0.0005,134973.32447091944,134.97332447091944,-0.01700000000000001,1.0,0.005,0.002,-1.2694974363017724,-1080.7783132943705,-102.68320170664408,-0.0005,0.0
431,535,12,37,extension,-834.8796432928818,0.0005,834879.6432928818,0.0,-0.018000000000000013,1.0,0.005,0.002,-1.1778744847570295,-956.2022712220971,-92.65950261329175,-0.0005,0.0
432,536,12,38,extension,-417.43982164644086,0.0005,417439.8216464409,417.439821646441,-0.017500000000000012,1.0,0.005,0.002,-1.1778744847570295,-956.2022712220971,-92.65950261329175,-0.0005,0.0
433,537,12,39,extension,-208.7199108232204,0.0005,208719.91082322042,208.71991082322046,-0.01700000000000001,1.0,0.005,0.002,-1.1778744847570295,-956.2022712220971,-92.65950261329175,-0.0005,0.0
434,538,12,40,extension,-104.3599554116102,0.0005,104359.95541161021,104.3599554116102,-0.01650000000000001,1.0,0.005,0.002,-1.1778744847570295,-956.2022712220971,-92.65950261329175,-0.0005,0.0
435,575,13,36,extension,-864.5699725760101,0.0005,864569.97257601,0.0,-0.017500000000000012,1.0,0.005,0.002,-1.4637150432383281,-908.7808178668201,-95.59797149569265,-0.0005,0.0
436,576,13,37,extension,-432.28498628800503,0.0005,432284.986288005,432.28498628800503,-0.01700000000000001,1.0,0.005,0.002,-1.4637150432383281,-908.7808178668201,-95.59797149569265,-0.0005,0.0
437,577,13,38,extension,-216.14249314400251,0.0005,216142.4931440025,216.14249314400251,-0.01650000000000001,1.0,0.005,0.002,-1.4637150432383281,-908.7808178668201,-95.59797149569265,-0.0005,0.0
438,578,13,39,extension,-108.07124657200126,0.0005,108071.24657200126,108.07124657200126,-0.01600000000000001,1.0,0.005,0.002,-1.4637150432383281,-908.7808178668201,-95.59797149569265,-0.0005,0.0
439,619,14,40,extension,-989.4728551765287,0.0005,989472.8551765287,0.0,-0.019500000000000014,1.0,0.005,0.002,-0.8078584809287921,-1076.244578140342,-102.49956488603401,-0.0005,0.0
440,620,14,41,extension,-494.7364275882643,0.0005,494736.4275882643,494.7364275882644,-0.019000000000000013,1.0,0.005,0.002,-0.8078584809287921,-1076.244578140342,-102.49956488603401,-0.0005,0.0
441,621,14,42,extension,-247.36821379413215,0.0005,247368.21379413214,247.36821379413215,-0.018500000000000013,1.0,0.005,0.002,-0.8078584809287921,-1076.244578140342,-102.49956488603401,-0.0005,0.0
442,622,14,43,extension,-123.68410689706607,0.0005,123684.10689706607,123.68410689706607,-0.018000000000000013,1.0,0.005,0.002,-0.8078584809287921,-1076.244578140342,-102.49956488603401,-0.0005,0.0
443,660,15,37,extension,-814.0038027276632,0.0005,814003.8027276632,0.0,-0.018000000000000013,1.0,0.005,0.002,-1.1484221916664432,-950.5553075963044,-103.77938100353477,-0.0005,0.0
444,661,15,38,extension,-407.0019013638316,0.0005,407001.9013638316,407.0019013638316,-0.017500000000000012,1.0,0.005,0.002,-1.1484221916664432,-950.5553075963044,-103.77938100353477,-0.0005,0.0
445,662,15,39,extension,-203.5009506819158,0.0005,203500.9506819158,203.5009506819158,-0.01700000000000001,1.0,0.005,0.002,-1.1484221916664432,-950.5553075963044,-103.77938100353477,-0.0005,0.0
446,701,16,38,extension,-1007.9732596330036,0.0005,1007973.2596330036,0.0,-0.018500000000000013,1.0,0.005,0.002,-1.1850670067407807,-1044.7681294798706,-101.01669674597854,-0.0005,0.0
447,702,16,39,extension,-503.98662981650176,0.0005,503986.62981650175,503.9866298165019,-0.018000000000000013,1.0,0.005,0.002,-1.1850670067407807,-1044.7681294798706,-101.01669674597854,-0.0005,0.0
448,703,16,40,extension,-251.99331490825085,0.0005,251993.31490825085,251.9933149082509,-0.017500000000000012,1.0,0.005,0.002,-1.1850670067407807,-1044.7681294798706,-101.01669674597854,-0.0005,0.0
449,704,16,41,extension,-125.99665745412543,0.0005,125996.65745412542,125.99665745412543,-0.01700000000000001,1.0,0.005,0.002,-1.1850670067407807,-1044.7681294798706,-101.01669674597854,-0.0005,0.0
450,743,17,38,extension,-972.2081272580758,0.0005,972208.1272580759,0.0,-0.018500000000000013,1.0,0.005,0.002,-1.1430181944690403,-986.9944120470951,-95.9161856981592,-0.0005,0.0
451,744,17,39,extension,-486.1040636290379,0.0005,486104.06362903793,486.1040636290379,-0.018000000000000013,1.0,0.005,0.002,-1.1430181944690403,-986.9944120470951,-95.9161856981592,-0.0005,0.0
452,745,17,40,extension,-243.05203181451895,0.0005,243052.03181451897,243.05203181451895,-0.017500000000000012,1.0,0.005,0.002,-1.1430181944690403,-986.9944120470951,-95.9161856981592,-0.0005,0.0
453,746,17,41,extension,-121.52601590725948,0.0005,121526.01590725948,121.52601590725948,-0.01700000000000001,1.0,0.005,0.002,-1.1430181944690403,-986.9944120470951,-95.9161856981592,-0.0005,0.0
454,784,18,37,extension,-943.2210905504853,0.0005,943221.0905504853,0.0,-0.018000000000000013,1.0,0.005,0.002,-1.330726009394831,-973.9019036429138,-108.19707642677369,-0.0005,0.0
455,785,18,38,extension,-471.61054527524266,0.0005,471610.54527524265,471.61054527524266,-0.017500000000000012,1.0,0.005,0.002,-1.330726009394831,-973.9019036429138,-108.19707642677369,-0.0005,0.0
456,786,18,39,extension,-235.80527263762133,0.0005,235805.27263762132,235.80527263762133,-0.01700000000000001,1.0,0.005,0.002,-1.330726009394831,-973.9019036429138,-108.19707642677369,-0.0005,0.0
457,787,18,40,extension,-117.90263631881066,0.0005,117902.63631881066,117.90263631881066,-0.01650000000000001,1.0,0.005,0.002,-1.330726009394831,-973.9019036429138,-108.19707642677369,-0.0005,0.0
458,826,19,38,extension,-912.0329153024818,0.0005,912032.9153024819,0.0,-0.018500000000000013,1.0,0.005,0.002,-1.0722706248974305,-1008.1924811237142,-107.3029155685177,-0.0005,0.0
459,827,19,39,extension,-456.0164576512409,0.0005,456016.4576512409,456.0164576512409,-0.018000000000000013,1.0,0.005,0.002,-1.0722706248974305,-1008.1924811237142,-107.3029155685177,-0.0005,0.0
460,828,19,40,extension,-228.00822882562045,0.0005,228008.22882562046,228.00822882562045,-0.017500000000000012,1.0,0.005,0.002,-1.0722706248974305,-1008.1924811237142,-107.3029155685177,-0.0005,0.0
461,829,19,41,extension,-114.00411441281022,0.0005,114004.11441281023,114.00411441281022,-0.01700000000000001,1.0,0.005,0.002,-1.0722706248974305,-1008.1924811237142,-107.3029155685177,-0.0005,0.0
462,867,20,37,extension,-935.8408044721872,0.0005,935840.8044721872,0.0,-0.018000000000000013,1.0,0.005,0.002,-1.320313669446586,-1087.025355924156,-102.55356074784292,-0.0005,0.0
463,868,20,38,extension,-467.9204022360936,0.0005,467920.4022360936,467.9204022360936,-0.017500000000000012,1.0,0.005,0.002,-1.320313669446586,-1087.025355924156,-102.55356074784292,-0.0005,0.0
464,869,20,39,extension,-233.9602011180468,0.0005,233960.2011180468,233.9602011180468,-0.01700000000000001,1.0,0.005,0.002,-1.320313669446586,-1087.025355924156,-102.55356074784292,-0.0005,0.0
465,870,20,40,extension,-116.9801005590234,0.0005,116980.1005590234,116.9801005590234,-0.01650000000000001,1.0,0.005,0.002,-1.320313669446586,-1087.025355924156,-102.55356074784292,-0.0005,0.0
466,908,21,37,extension,-862.8629555782036,0.0005,862862.9555782035,0.0,-0.018000000000000013,1.0,0.005,0.002,-1.2173542227104743,-1002.2435202979243,-108.6028520683887,-0.0005,0.0
467,909,21,38,extension,-431.4314777891018,0.0005,431431.4777891018,431.4314777891018,-0.017500000000000012,1.0,0.005,0.002,-1.2173542227104743,-1002.2435202979243,-108.6028520683887,-0.0005,0.0
468,910,21,39,extension,-215.7157388945509,0.0005,215715.7388945509,215.7157388945509,-0.01700000000000001,1.0,0.005,0.002,-1.2173542227104743,-1002.2435202979243,-108.6028520683887,-0.0005,0.0
469,950,22,39,extension,-1019.6763995877526,0.0005,1019676.3995877526,0.0,-0.019000000000000013,1.0,0.005,0.002,-0.9990219210970926,-1036.2132785741792,-104.36392754853118,-0.0005,0.0
470,951,22,40,extension,-509.8381997938763,0.0005,509838.1997938763,509.8381997938763,-0.018500000000000013,1.0,0.005,0.002,-0.9990219210970926,-1036.2132785741792,-104.36392754853118,-0.0005,0.0
471,952,22,41,extension,-254.91909989693815,0.0005,254919.09989693816,254.91909989693815,-0.018000000000000013,1.0,0.005,0.002,-0.9990219210970926,-1036.2132785741792,-104.36392754853118,-0.0005,0.0
472,953,22,42,extension,-127.45954994846907,0.0005,127459.54994846908,127.45954994846907,-0.017500000000000012,1.0,0.005,0.002,-0.9990219210970926,-1036.2132785741792,-104.36392754853118,-0.0005,0.0
473,993,23,39,extension,-894.1561568535938,0.0005,894156.1568535938,0.0,-0.019000000000000013,1.0,0.005,0.002,-0.8760442057321498,-979.7775332639776,-96.82653292689756,-0.0005,0.0
474,994,23,40,extension,-447.0780784267969,0.0005,447078.0784267969,447.0780784267969,-0.018500000000000013,1.0,0.005,0.002,-0.8760442057321498,-979.7775332639776,-96.82653292689756,-0.0005,0.0
475,995,23,41,extension,-223.53903921339844,0.0005,223539.03921339844,223.53903921339844,-0.018000000000000013,1.0,0.005,0.002,-0.8760442057321498,-979.7775332639776,-96.82653292689756,-0.0005,0.0
476,996,23,42,extension,-111.76951960669922,0.0005,111769.51960669922,111.76951960669922,-0.017500000000000012,1.0,0.005,0.002,-0.8760442057321498,-979.7775332639776,-96.82653292689756,-0.0005,0.0
477,1035,24,38,extension,-959.4378677066304,0.0005,959437.8677066304,0.0,-0.018500000000000013,1.0,0.005,0.002,-1.1280042909579044,-1056.7605870012094,-106.98271411532475,-0.0005,0.0
478,1036,24,39,extension,-479.7189338533152,0.0005,479718.9338533152,479.7189338533152,-0.018000000000000013,1.0,0.005,0.002,-1.1280042909579044,-1056.7605870012094,-106.98271411532475,-0.0005,0.0
479,1037,24,40,extension,-239.8594669266576,0.0005,239859.4669266576,239.8594669266576,-0.017500000000000012,1.0,0.005,0.002,-1.1280042909579044,-1056.7605870012094,-106.98271411532475,-0.0005,0.0
480,1038,24,41,extension,-119.9297334633288,0.0005,119929.7334633288,119.9297334633288,-0.01700000000000001,1.0,0.005,0.002,-1.1280042909579044,-1056.7605870012094,-106.98271411532475,-0.0005,0.0
481,1076,25,37,extension,-971.836404221277,0.0005,971836.404221277,0.0,-0.018000000000000013,1.0,0.005,0.002,-1.3710973947998057,-1031.8631359129613,-106.59882362704452,-0.0005,0.0
482,1077,25,38,extension,-485.9182021106385,0.0005,485918.2021106385,485.9182021106385,-0.017500000000000012,1.0,0.005,0.002,-1.3710973947998057,-1031.8631359129613,-106.59882362704452,-0.0005,0.0
483,1078,25,39,extension,-242.95910105531925,0.0005,242959.10105531925,242.95910105531925,-0.01700000000000001,1.0,0.005,0.002,-1.3710973947998057,-1031.8631359129613,-106.59882362704452,-0.0005,0.0
484,1079,25,40,extension,-121.47955052765963,0.0005,121479.55052765962,121.47955052765963,-0.01650000000000001,1.0,0.005,0.002,-1.3710973947998057,-1031.8631359129613,-106.59882362704452,-0.0005,0.0
485,1117,26,37,extension,-826.1452503774757,0.0005,826145.2503774756,0.0,-0.018000000000000013,1.0,0.005,0.002,-1.1655517282524852,-906.5262606001112,-95.2084970668728,-0.0005,0.0
486,1118,26,38,extension,-413.0726251887378,0.0005,413072.6251887378,413.0726251887379,-0.017500000000000012,1.0,0.005,0.002,-1.1655517282524852,-906.5262606001112,-95.2084970668728,-0.0005,0.0
487,1119,26,39,extension,-206.5363125943689,0.0005,206536.3125943689,206.5363125943689,-0.01700000000000001,1.0,0.005,0.002,-1.1655517282524852,-906.5262606001112,-95.2084970668728,-0.0005,0.0
488,1120,26,40,extension,-103.26815629718445,0.0005,103268.15629718445,103.26815629718445,-0.01650000000000001,1.0,0.005,0.002,-1.1655517282524852,-906.5262606001112,-95.2084970668728,-0.0005,0.0
489,1158,27,37,extension,-908.9251285749098,0.0005,908925.1285749098,0.0,-0.018000000000000013,1.0,0.005,0.002,-1.2823401865211306,-1038.708666341519,-94.35772627567155,-0.0005,0.0
490,1159,27,38,extension,-454.4625642874548,0.0005,454462.5642874548,454.46256428745494,-0.017500000000000012,1.0,0.005,0.002,-1.2823401865211306,-1038.708666341519,-94.35772627567155,-0.0005,0.0
491,1160,27,39,extension,-227.2312821437274,0.0005,227231.2821437274,227.2312821437274,-0.01700000000000001,1.0,0.005,0.002,-1.2823401865211306,-1038.708666341519,-94.35772627567155,-0.0005,0.0
492,1161,27,40,extension,-113.6156410718637,0.0005,113615.6410718637,113.6156410718637,-0.01650000000000001,1.0,0.005,0.002,-1.2823401865211306,-1038.708666341519,-94.35772627567155,-0.0005,0.0
493,1201,28,39,extension,-834.7673917007709,0.0005,834767.3917007708,0.0,-0.019000000000000013,1.0,0.005,0.002,-0.8178584143589804,-977.1062785854151,-104.86705498970387,-0.0005,0.0
494,1202,28,40,extension,-417.38369585038544,0.0005,417383.6958503854,417.38369585038544,-0.018500000000000013,1.0,0.005,0.002,-0.8178584143589804,-977.1062785854151,-104.86705498970387,-0.0005,0.0
495,1203,28,41,extension,-208.69184792519272,0.0005,208691.8479251927,208.69184792519272,-0.018000000000000013,1.0,0.005,0.002,-0.8178584143589804,-977.1062785854151,-104.86705498970387,-0.0005,0.0
496,1242,29,38,extension,-1008.2705198407939,0.0005,1008270.5198407939,0.0,-0.018500000000000013,1.0,0.005,0.002,-1.1854164934571227,-1068.4615996240832,-101.31586211470209,-0.0005,0.0
497,1243,29,39,extension,-504.13525992039695,0.0005,504135.25992039696,504.13525992039695,-0.018000000000000013,1.0,0.005,0.002,-1.1854164934571227,-1068.4615996240832,-101.31586211470209,-0.0005,0.0
498,1244,29,40,extension,-252.06762996019847,0.0005,252067.62996019848,252.06762996019847,-0.017500000000000012,1.0,0.005,0.002,-1.1854164934571227,-1068.4615996240832,-101.31586211470209,-0.0005,0.0
499,1245,29,41,extension,-126.03381498009924,0.0005,126033.81498009924,126.03381498009924,-0.01700000000000001,1.0,0.005,0.002,-1.1854164934571227,-1068.4615996240832,-101.31586211470209,-0.0005,0.0
